,userID,stime,grid,etime,lon,lat,duration,stayid
744794,17,2008-10-30 10:30:56,7791,2008-10-30 11:36:31,116.341345,40.0178533,3935.0,0
191492,17,2008-10-30 11:36:31,7934,2008-10-30 12:11:04,116.3445766,40.0187399,2073.0,1
191770,17,2008-10-30 12:38:56,7791,2008-10-30 23:46:20,116.3445483,40.0179666,40044.0,2
851665,17,2008-10-30 23:59:12,7501,2008-10-31 09:19:18,116.3208716,39.98486,33606.0,3
517974,17,2008-10-31 09:41:45,7791,2008-11-01 02:03:09,116.3401766,40.0161099,58884.0,4
1001971,17,2008-11-01 02:54:08,7782,2008-11-01 05:46:33,116.3327716,39.9356083,10345.0,5
859023,17,2008-11-01 06:17:39,7791,2008-11-01 07:37:09,116.3445583,40.0180816,4770.0,6
305263,17,2008-11-01 09:27:07,7791,2008-11-02 07:01:27,116.3403433,40.0164316,77660.0,7
444817,17,2008-11-02 07:01:27,7792,2008-11-02 08:33:27,116.3393033,40.0297433,5520.0,8
444906,17,2008-11-02 08:33:56,7791,2008-11-03 00:01:02,116.3445266,40.0222833,55626.0,9
263295,17,2008-11-03 01:58:56,8643,2008-11-03 04:09:17,116.4038499,39.96743,7821.0,10
264064,17,2008-11-03 04:29:00,7791,2008-11-03 23:46:54,116.3402149,40.0160883,69474.0,11
707730,17,2008-11-04 00:08:26,7501,2008-11-04 09:26:39,116.3208349,39.9848416,33493.0,12
848035,17,2008-11-04 09:48:34,7791,2008-11-05 00:58:56,116.3401833,40.0160966,54622.0,13
1019686,17,2008-11-05 01:17:17,8643,2008-11-05 03:18:51,116.4037983,39.9674183,7294.0,14
1022751,17,2008-11-05 04:27:56,8201,2008-11-05 05:08:39,116.3682766,39.8491899,2443.0,15
1024293,17,2008-11-05 05:47:40,8643,2008-11-05 08:03:49,116.4038583,39.9673549,8169.0,16
364946,17,2008-11-05 08:33:43,7791,2008-11-06 01:53:43,116.3401149,40.0160966,62400.0,17
768146,17,2008-11-06 03:30:45,7924,2008-11-06 04:09:09,116.3502716,39.9262133,2304.0,18
768275,17,2008-11-06 04:16:18,7924,2008-11-06 05:01:40,116.344625,39.930825,2722.0,19
768927,17,2008-11-06 05:33:13,8643,2008-11-06 07:04:28,116.4037116,39.9705166,5475.0,20
482991,17,2008-11-06 07:33:42,8065,2008-11-06 08:20:36,116.3564833,39.9169199,2814.0,21
484812,17,2008-11-06 09:25:02,7791,2008-11-06 12:24:54,116.3402033,40.0160949,10792.0,22
641750,17,2008-11-06 13:38:18,7791,2008-11-07 00:07:38,116.3445149,40.0179483,37760.0,23
847611,17,2008-11-07 00:15:53,7501,2008-11-07 09:14:21,116.3208699,39.9848483,32308.0,24
754537,17,2008-11-07 09:45:51,7791,2008-11-07 23:20:48,116.344555,40.0180349,48897.0,25
489517,17,2008-11-08 00:11:21,7791,2008-11-08 07:50:48,116.340155,40.0160916,27567.0,26
173545,17,2008-11-08 08:44:45,8060,2008-11-08 10:04:15,116.3564149,39.86739,4770.0,27
175769,17,2008-11-08 12:26:31,7791,2008-11-09 08:19:07,116.3402899,40.0161683,71556.0,28
176431,17,2008-11-09 08:54:08,7791,2008-11-09 10:45:06,116.3402216,40.0161149,6658.0,29
177676,17,2008-11-09 11:16:44,7491,2008-11-09 11:47:36,116.3207916,39.8960866,1852.0,30
178989,17,2008-11-09 12:20:21,7791,2008-11-10 00:00:01,116.3402666,40.0160999,41980.0,31
959965,17,2008-11-10 00:37:37,8643,2008-11-10 01:45:40,116.4037583,39.9674716,4083.0,32
960661,17,2008-11-10 01:58:28,7923,2008-11-10 02:31:08,116.3497216,39.926045,1960.0,33
961247,17,2008-11-10 02:41:35,8205,2008-11-10 03:28:02,116.36828,39.8819099,2787.0,34
962358,17,2008-11-10 03:48:57,8643,2008-11-10 07:56:09,116.4038549,39.96746,14832.0,35
513919,17,2008-11-10 08:33:24,7501,2008-11-10 09:08:23,116.3208366,39.9847966,2099.0,36
514422,17,2008-11-10 09:42:21,7791,2008-11-10 12:52:37,116.3402049,40.0161416,11416.0,37
406528,17,2008-11-10 13:22:24,7791,2008-11-11 00:05:54,116.3419666,40.0185566,38610.0,38
737571,17,2008-11-11 00:08:44,7501,2008-11-11 09:08:40,116.3208566,39.9848716,32396.0,39
744166,17,2008-11-11 09:31:07,7791,2008-11-12 03:40:17,116.3402116,40.0161033,65350.0,40
611296,17,2008-11-12 04:03:21,7791,2008-11-13 01:30:32,116.3401083,40.0161149,77231.0,41
970555,17,2008-11-13 01:50:28,8643,2008-11-13 02:50:10,116.40376,39.9674416,3582.0,42
373202,17,2008-11-13 03:12:47,8069,2008-11-13 03:51:22,116.3597133,39.9441016,2315.0,43
373462,17,2008-11-13 03:58:00,7923,2008-11-13 05:16:17,116.3495949,39.9260633,4697.0,44
373757,17,2008-11-13 05:17:05,7778,2008-11-13 05:48:17,116.340995,39.9078899,1872.0,45
558485,17,2008-11-13 07:22:01,8926,2008-11-13 08:52:55,116.42778,39.9351566,5454.0,46
504850,17,2008-11-13 09:07:18,8643,2008-11-13 10:09:59,116.4037633,39.96715,3761.0,47
505842,17,2008-11-13 10:32:08,7791,2008-11-14 01:26:19,116.3402649,40.0161966,53651.0,48
62958,17,2008-11-14 01:44:43,8643,2008-11-14 02:16:39,116.4037966,39.967455,1916.0,49
63769,17,2008-11-14 02:32:25,7923,2008-11-14 03:20:20,116.34967,39.9260149,2875.0,50
62193,17,2008-11-14 04:05:07,8643,2008-11-14 06:04:27,116.4037183,39.96723,7160.0,51
879786,17,2008-11-14 06:51:20,8214,2008-11-14 07:36:25,116.3799533,39.9673283,2705.0,52
259861,17,2008-11-14 08:07:56,7791,2008-11-16 03:56:19,116.3401949,40.0160966,157703.0,53
372109,17,2008-11-16 03:56:19,7792,2008-11-16 05:51:43,116.3414666,40.0250416,6924.0,54
372404,17,2008-11-16 06:21:37,7791,2008-11-16 14:20:45,116.3401583,40.0160999,28748.0,55
885815,17,2008-11-16 14:39:49,7791,2008-11-17 00:06:43,116.3445599,40.02113,34014.0,56
874584,17,2008-11-17 00:06:43,326954,2008-11-17 00:49:26,142.8794566,24.4714833,2563.0,57
516329,17,2008-11-17 01:05:31,8643,2008-11-17 02:30:52,116.4037316,39.9673933,5121.0,58
60555,17,2008-11-17 04:49:06,8500,2008-11-17 05:51:32,116.39431,39.971005,3746.0,59
60782,17,2008-11-17 05:54:51,8643,2008-11-17 06:30:27,116.4037449,39.9675033,2136.0,60
451850,17,2008-11-17 07:09:09,7358,2008-11-17 07:56:09,116.3088633,39.9842983,2820.0,61
453400,17,2008-11-17 08:35:09,7643,2008-11-17 11:12:44,116.3327299,39.9752449,9455.0,62
786596,17,2008-11-17 11:31:24,7791,2008-11-17 23:50:14,116.3402433,40.0161649,44330.0,63
851407,17,2008-11-18 00:17:10,8643,2008-11-18 01:28:24,116.4040116,39.9674466,4274.0,64
754022,17,2008-11-18 02:22:18,7637,2008-11-18 03:29:03,116.3327166,39.9220499,4005.0,65
680882,17,2008-11-18 04:15:57,8643,2008-11-18 09:47:02,116.4038066,39.9674716,19865.0,66
656351,17,2008-11-18 10:35:09,7791,2008-11-20 00:53:07,116.340105,40.0161083,137878.0,67
697401,17,2008-11-20 00:57:25,8643,2008-11-20 05:23:57,116.4037666,39.9674333,15992.0,68
700917,17,2008-11-20 07:32:43,8643,2008-11-20 10:33:08,116.4038266,39.9674649,10825.0,69
486675,17,2008-11-20 10:48:38,7643,2008-11-20 11:23:55,116.3326833,39.9750716,2117.0,70
487214,17,2008-11-20 11:40:20,7791,2008-11-20 13:15:52,116.3400633,40.0160466,5732.0,71
543702,17,2008-11-20 13:25:47,7791,2008-11-20 23:56:13,116.3401966,40.0160483,37826.0,72
517566,17,2008-11-21 00:33:34,8643,2008-11-21 05:16:49,116.4038199,39.9674349,16995.0,73
450308,17,2008-11-21 06:04:07,7358,2008-11-21 06:58:47,116.3090266,39.984515,3280.0,74
819112,17,2008-11-21 09:54:22,7791,2008-11-22 03:55:41,116.34014,40.0160366,64879.0,75
346222,17,2008-11-22 04:13:54,7358,2008-11-22 06:28:18,116.3090683,39.9844099,8064.0,76
45728,17,2008-11-22 06:44:11,7358,2008-11-22 07:15:07,116.2975233,39.9851316,1856.0,77
50231,17,2008-11-22 09:10:18,7791,2008-11-22 10:13:53,116.3401883,40.0160966,3815.0,78
550609,17,2008-11-22 10:36:51,9500,2008-11-22 14:54:36,116.4751516,39.9620383,15465.0,79
554556,17,2008-11-22 17:26:05,7791,2008-11-22 20:43:12,116.3445333,40.0200649,11827.0,80
554997,17,2008-11-22 20:43:58,7791,2008-11-22 21:42:46,116.3444616,40.0166816,3528.0,81
555297,17,2008-11-22 21:47:59,7929,2008-11-23 13:23:42,116.3554366,39.9746583,56143.0,82
997736,17,2008-11-23 13:33:49,8643,2008-11-23 14:12:08,116.4037333,39.9674983,2299.0,83
997848,17,2008-11-23 14:15:17,9495,2008-11-23 14:51:01,116.4747483,39.9096866,2144.0,84
686166,17,2008-11-23 15:35:33,7791,2008-12-01 09:08:41,116.3401983,40.0161016,667988.0,85
193398,17,2008-12-01 09:51:10,7791,2008-12-01 23:59:18,116.3400949,40.0161016,50888.0,86
792404,17,2008-12-02 00:31:16,8643,2008-12-02 02:27:16,116.40381,39.96746,6960.0,87
878203,17,2008-12-02 04:09:55,8643,2008-12-02 06:17:12,116.4038416,39.9674349,7637.0,88
446123,17,2008-12-02 06:47:36,7358,2008-12-02 08:28:43,116.3090316,39.9842916,6067.0,89
163584,17,2008-12-02 08:41:57,8643,2008-12-02 10:01:52,116.4037016,39.9674866,4795.0,90
164601,17,2008-12-02 10:24:47,7501,2008-12-02 12:08:43,116.3208166,39.9847883,6236.0,91
852025,17,2008-12-02 12:46:46,7791,2008-12-03 05:48:07,116.3401133,40.0160666,61281.0,92
666141,17,2008-12-03 06:38:36,9356,2008-12-03 08:17:13,116.4679583,39.9441366,5917.0,93
486190,17,2008-12-03 08:29:32,8643,2008-12-03 09:04:05,116.4037083,39.9673416,2073.0,94
192456,17,2008-12-03 10:21:45,7791,2008-12-04 00:02:46,116.3401499,40.0161183,49261.0,95
370468,17,2008-12-04 00:36:44,8643,2008-12-04 01:29:27,116.4037566,39.9674266,3163.0,96
631,17,2008-12-04 02:16:38,7213,2008-12-04 03:13:05,116.2965366,39.9621433,3387.0,97
860993,17,2008-12-04 03:46:45,8643,2008-12-04 05:48:05,116.4037966,39.9674416,7280.0,98
576803,17,2008-12-04 07:03:46,8776,2008-12-04 07:54:19,116.4187683,39.8811332,3033.0,99
822494,17,2008-12-04 08:14:45,8643,2008-12-04 09:56:47,116.4120049,39.9621666,6122.0,100
824087,17,2008-12-04 10:57:23,7791,2008-12-05 00:11:35,116.3401583,40.0160449,47652.0,101
598985,17,2008-12-05 00:45:15,8643,2008-12-05 01:57:09,116.4037683,39.9673833,4314.0,102
371993,17,2008-12-05 02:13:55,7923,2008-12-05 03:16:35,116.349705,39.9260266,3760.0,103
595375,17,2008-12-05 03:16:35,8205,2008-12-05 04:00:17,116.3737616,39.881805,2622.0,104
596070,17,2008-12-05 04:30:20,7923,2008-12-05 05:27:18,116.3471816,39.926005,3418.0,105
167297,17,2008-12-05 05:30:07,7926,2008-12-05 06:03:33,116.350405,39.9441149,2006.0,106
591764,17,2008-12-05 07:01:54,8507,2008-12-05 07:53:09,116.3989633,40.0259016,3075.0,107
259170,17,2008-12-05 10:48:26,7791,2008-12-06 07:20:41,116.3402433,40.0161399,73935.0,108
464443,17,2008-12-06 07:20:41,7792,2008-12-06 07:52:36,116.3411416,40.025415,1915.0,109
465542,17,2008-12-06 08:54:42,7923,2008-12-06 09:57:04,116.3495733,39.9258483,3742.0,110
465834,17,2008-12-06 10:01:57,7925,2008-12-06 11:33:36,116.346825,39.9351433,5499.0,111
2403,17,2008-12-06 11:41:01,7923,2008-12-06 12:12:53,116.347125,39.9259966,1912.0,112
647157,17,2008-12-06 12:30:23,7791,2008-12-07 04:05:02,116.3401316,40.0160533,56079.0,113
883870,17,2008-12-07 04:34:29,8511,2008-12-07 05:29:09,116.4027716,40.061165,3280.0,114
194718,17,2008-12-07 06:18:12,7790,2008-12-07 06:55:59,116.34005,40.0160183,2267.0,115
524790,17,2008-12-07 06:55:59,7791,2008-12-08 00:05:40,116.3402166,40.0161166,61781.0,116
821505,17,2008-12-08 00:20:43,7501,2008-12-08 09:11:15,116.320885,39.9847816,31832.0,117
165117,17,2008-12-08 10:02:26,7786,2008-12-09 00:00:56,116.3378299,39.9748833,50310.0,118
33563,17,2008-12-09 00:28:56,8643,2008-12-09 01:58:34,116.4037116,39.9674233,5378.0,119
34333,17,2008-12-09 02:14:53,7923,2008-12-09 03:14:12,116.3497283,39.9260633,3559.0,120
36160,17,2008-12-09 04:28:41,8643,2008-12-09 06:21:39,116.403705,39.9675666,6778.0,121
37419,17,2008-12-09 07:17:01,8643,2008-12-09 08:00:53,116.403825,39.9673,2632.0,122
38279,17,2008-12-09 08:17:52,7358,2008-12-09 08:56:47,116.3089483,39.9843099,2335.0,123
39369,17,2008-12-09 09:15:28,8643,2008-12-09 10:11:43,116.4036999,39.9674749,3375.0,124
41004,17,2008-12-09 11:09:53,7791,2008-12-09 12:49:57,116.3402349,40.0161399,6004.0,125
647983,17,2008-12-09 12:51:38,7934,2008-12-09 13:25:20,116.3462599,40.0174333,2022.0,126
542546,17,2008-12-09 13:25:20,7791,2008-12-09 23:58:08,116.3445433,40.0180149,37968.0,127
507140,17,2008-12-10 00:27:45,8643,2008-12-10 01:18:23,116.4037716,39.9674333,3038.0,128
80284,17,2008-12-10 01:34:20,7923,2008-12-10 05:14:10,116.3496883,39.926045,13190.0,129
755412,17,2008-12-10 05:32:00,8065,2008-12-10 06:23:13,116.3564116,39.9169216,3073.0,130
756421,17,2008-12-10 06:41:30,8643,2008-12-10 08:40:34,116.4038516,39.9675183,7144.0,131
364097,17,2008-12-10 10:08:00,7791,2008-12-11 08:50:00,116.3401983,40.0161333,81720.0,132
577863,17,2008-12-11 09:17:26,7925,2008-12-11 09:55:11,116.3446583,39.9423816,2265.0,133
578380,17,2008-12-11 10:43:32,7791,2008-12-12 00:11:44,116.3402049,40.0160699,48492.0,134
902356,17,2008-12-12 02:54:49,8643,2008-12-12 03:27:05,116.4037733,39.9674566,1936.0,135
903125,17,2008-12-12 03:42:14,7923,2008-12-12 04:32:39,116.3497083,39.9260099,3025.0,136
904504,17,2008-12-12 04:59:59,5632,2008-12-12 05:39:00,116.1670616,39.8942299,2341.0,137
906718,17,2008-12-12 06:56:58,8214,2008-12-12 07:55:41,116.3799283,39.9670866,3523.0,138
907323,17,2008-12-12 08:33:15,8643,2008-12-12 09:52:16,116.4037299,39.96757,4741.0,139
908794,17,2008-12-12 10:32:46,8074,2008-12-12 11:05:52,116.3564583,39.9921866,1986.0,140
878632,17,2008-12-12 11:16:38,7791,2008-12-13 04:20:22,116.3401733,40.0160616,61424.0,141
588477,17,2008-12-13 04:29:10,7935,2008-12-13 05:20:27,116.3446299,40.0285766,3077.0,142
588932,17,2008-12-13 05:30:54,7791,2008-12-13 08:04:32,116.3401833,40.0160933,9218.0,143
650721,17,2008-12-13 08:05:45,7791,2008-12-14 08:48:03,116.3402749,40.0161766,88938.0,144
639967,17,2008-12-14 09:26:22,7932,2008-12-14 10:35:29,116.3468183,39.9981366,4147.0,145
640451,17,2008-12-14 10:41:57,7792,2008-12-14 11:25:11,116.3445499,40.0259683,2594.0,146
667592,17,2008-12-14 11:25:57,7791,2008-12-15 00:30:19,116.3444816,40.0211816,47062.0,147
973345,17,2008-12-15 02:06:30,6348,2008-12-15 02:41:30,116.22612,39.9061483,2100.0,148
875859,17,2008-12-15 03:12:22,8643,2008-12-15 05:34:56,116.4037999,39.9674399,8554.0,149
877463,17,2008-12-15 06:15:45,8344,2008-12-15 06:59:23,116.3918233,39.8474133,2618.0,150
669098,17,2008-12-15 07:35:22,9208,2008-12-15 08:49:16,116.4557949,39.8991649,4434.0,151
670493,17,2008-12-15 09:53:58,8359,2008-12-15 10:39:08,116.3800716,39.9861516,2710.0,152
671435,17,2008-12-15 11:19:17,8511,2008-12-15 11:58:24,116.4027533,40.0610133,2347.0,153
672928,17,2008-12-15 12:36:38,7791,2008-12-16 10:30:15,116.3402333,40.0161783,78817.0,154
765980,17,2008-12-16 11:15:44,7791,2008-12-16 23:59:40,116.34019,40.016065,45836.0,155
720310,17,2008-12-17 00:27:08,8643,2008-12-17 01:37:37,116.4037849,39.9674866,4229.0,156
721196,17,2008-12-17 02:00:12,7923,2008-12-17 02:45:55,116.3499266,39.9260699,2743.0,157
722420,17,2008-12-17 03:31:25,8643,2008-12-17 04:29:40,116.4037416,39.9674983,3495.0,158
723247,17,2008-12-17 04:51:10,8065,2008-12-17 05:21:58,116.3673849,39.9170699,1848.0,159
724207,17,2008-12-17 05:41:43,8643,2008-12-17 06:47:17,116.4037066,39.9674049,3934.0,160
725036,17,2008-12-17 07:02:03,7358,2008-12-17 07:43:56,116.3089583,39.9841566,2513.0,161
725817,17,2008-12-17 08:09:30,7791,2008-12-17 09:03:25,116.3401666,40.0160899,3235.0,162
350548,17,2008-12-17 12:21:23,7791,2008-12-18 13:15:20,116.3444949,40.0212383,89637.0,163
321382,17,2008-12-18 13:34:51,7791,2008-12-19 00:04:25,116.3401799,40.0160883,37774.0,164
738644,17,2008-12-19 00:31:33,8643,2008-12-19 01:29:47,116.4038566,39.9674883,3494.0,165
740590,17,2008-12-19 02:13:21,10205,2008-12-19 03:29:22,116.5338,39.8680083,4561.0,166
742823,17,2008-12-19 04:18:05,7791,2008-12-19 05:03:31,116.3402366,40.0161366,2726.0,167
742951,17,2008-12-19 05:04:43,7791,2008-12-19 05:36:34,116.3444233,40.0169733,1911.0,168
945293,17,2008-12-19 08:25:18,8643,2008-12-20 02:47:08,116.403775,39.9675049,66110.0,169
880711,17,2008-12-20 03:14:39,7791,2008-12-20 04:16:05,116.3402349,40.0161649,3686.0,170
881553,17,2008-12-20 04:38:25,8645,2008-12-20 06:42:03,116.4143533,39.9800833,7418.0,171
883020,17,2008-12-20 07:40:18,7791,2008-12-21 04:05:29,116.3402399,40.0160866,73511.0,172
51104,17,2008-12-21 04:29:58,9074,2008-12-21 06:58:52,116.4482033,39.9801433,8934.0,173
52147,17,2008-12-21 07:18:41,7791,2008-12-21 07:49:06,116.3401566,40.0160583,1825.0,174
52778,17,2008-12-21 08:10:21,7642,2008-12-21 09:45:24,116.3327116,39.96642,5703.0,175
53091,17,2008-12-21 09:59:16,7499,2008-12-21 11:18:06,116.3129449,39.9710383,4730.0,176
53862,17,2008-12-21 11:39:38,7791,2008-12-22 00:08:02,116.34021,40.0160949,44904.0,177
6287,17,2008-12-22 00:54:26,8643,2008-12-22 02:16:12,116.403825,39.9674416,4906.0,178
708843,17,2008-12-22 04:01:30,8643,2008-12-22 06:49:40,116.4037633,39.9673616,10090.0,179
713574,17,2008-12-22 08:51:18,8643,2008-12-22 09:45:45,116.4037566,39.9674016,3267.0,180
923061,17,2008-12-22 10:51:10,7791,2008-12-22 23:52:15,116.3402616,40.0161133,46865.0,181
924374,17,2008-12-23 00:35:31,8643,2008-12-23 02:14:10,116.4037466,39.967375,5919.0,182
77865,17,2008-12-23 02:29:39,7923,2008-12-23 03:23:34,116.3496649,39.9260633,3235.0,183
78450,17,2008-12-23 04:03:33,7924,2008-12-23 04:42:58,116.3501083,39.9262316,2365.0,184
299285,17,2008-12-23 04:52:49,8643,2008-12-23 05:42:46,116.4037066,39.9674283,2997.0,185
302500,17,2008-12-23 07:21:43,8643,2008-12-23 10:03:44,116.4037266,39.967455,9721.0,186
303938,17,2008-12-23 10:58:40,7790,2008-12-23 11:29:19,116.3444999,40.0137666,1839.0,187
324694,17,2008-12-23 11:31:18,7791,2008-12-24 00:17:40,116.3400399,40.0160399,45982.0,188
166161,17,2008-12-24 00:46:30,7925,2008-12-24 02:55:40,116.3499299,39.9440383,7750.0,189
167138,17,2008-12-24 03:36:19,8643,2008-12-24 05:05:43,116.4037166,39.9674833,5364.0,190
962940,17,2008-12-24 05:21:44,8068,2008-12-24 06:06:42,116.3659916,39.944085,2698.0,191
963796,17,2008-12-24 06:45:56,8205,2008-12-24 07:40:56,116.3682966,39.8819233,3300.0,192
322854,17,2008-12-24 08:58:53,8643,2008-12-24 10:38:47,116.4037683,39.967445,5994.0,193
324406,17,2008-12-24 11:29:12,7790,2008-12-24 12:10:01,116.3445283,40.0139499,2449.0,194
324578,17,2008-12-24 12:11:58,7791,2008-12-26 00:02:20,116.3401583,40.0161083,129022.0,195
1003125,17,2008-12-26 00:36:10,8643,2008-12-26 01:21:58,116.4038166,39.9674983,2748.0,196
1003910,17,2008-12-26 01:47:25,8643,2008-12-26 02:19:41,116.4038216,39.967455,1936.0,197
1004718,17,2008-12-26 02:37:01,7923,2008-12-26 03:22:54,116.3496799,39.9260633,2753.0,198
489631,17,2008-12-26 03:28:52,7923,2008-12-26 05:27:45,116.3496466,39.9260866,7133.0,199
490460,17,2008-12-26 05:42:45,8643,2008-12-26 06:14:41,116.4037299,39.9674783,1916.0,200
55942,17,2008-12-26 07:41:46,8645,2008-12-26 08:50:37,116.4101249,39.9800966,4131.0,201
56927,17,2008-12-26 09:38:46,7791,2008-12-27 12:50:00,116.34014,40.0160666,97874.0,202
527477,17,2008-12-27 13:44:24,7791,2008-12-28 02:24:09,116.3400816,40.0160466,45585.0,203
134571,17,2008-12-28 02:52:52,7791,2008-12-28 04:44:31,116.3401916,40.0161599,6699.0,204
135084,17,2008-12-28 04:57:54,7365,2008-12-28 06:09:00,116.3089933,40.0474766,4266.0,205
135937,17,2008-12-28 06:56:55,7791,2008-12-28 07:31:07,116.3327433,40.0231249,2052.0,206
138949,17,2008-12-28 08:55:41,7643,2008-12-28 10:41:55,116.3326899,39.9754166,6374.0,207
194769,17,2008-12-28 10:43:43,7642,2008-12-28 11:26:29,116.3327266,39.9694133,2566.0,208
83560,17,2008-12-28 12:00:24,7791,2008-12-31 11:29:46,116.3401316,40.016065,257362.0,209
657857,17,2008-12-31 11:39:45,8203,2009-01-05 00:04:07,116.3714666,39.8632266,390262.0,210
600253,17,2009-01-05 00:33:44,8643,2009-01-05 02:42:11,116.4038199,39.9674283,7707.0,211
601053,17,2009-01-05 03:04:41,7791,2009-01-05 03:47:09,116.340225,40.0161399,2548.0,212
603762,17,2009-01-05 04:48:30,9491,2009-01-05 05:54:18,116.4833366,39.8810383,3948.0,213
605284,17,2009-01-05 06:53:12,8643,2009-01-05 07:37:50,116.4108899,39.9691216,2678.0,214
607060,17,2009-01-05 08:23:11,8643,2009-01-05 10:03:34,116.4037099,39.9675033,6023.0,215
608914,17,2009-01-05 10:56:59,7791,2009-01-05 23:52:06,116.3400899,40.0160549,46507.0,216
610167,17,2009-01-06 00:32:31,8643,2009-01-06 02:33:50,116.4037533,39.9674466,7279.0,217
168139,17,2009-01-06 02:57:49,7497,2009-01-06 04:32:43,116.31741,39.953035,5694.0,218
169189,17,2009-01-06 05:07:51,8501,2009-01-06 05:51:59,116.40332,39.9781633,2648.0,219
170376,17,2009-01-06 07:14:44,7923,2009-01-06 08:17:50,116.3497666,39.9260916,3786.0,220
171189,17,2009-01-06 08:34:33,8643,2009-01-06 11:31:33,116.4036999,39.9674016,10620.0,221
172116,17,2009-01-06 12:01:38,7791,2009-01-06 23:50:37,116.3401233,40.0160466,42539.0,222
925958,17,2009-01-07 00:22:13,7791,2009-01-07 01:28:58,116.3401666,40.0160449,4005.0,223
927629,17,2009-01-07 02:30:58,7780,2009-01-07 03:53:41,116.3444316,39.9222433,4963.0,224
928905,17,2009-01-07 04:45:31,8643,2009-01-07 06:47:17,116.4092033,39.9708166,7306.0,225
932820,17,2009-01-07 08:11:54,8643,2009-01-07 10:38:29,116.4037116,39.9674966,8795.0,226
515567,17,2009-01-07 10:41:48,8643,2009-01-07 13:22:15,116.4114949,39.9710516,9627.0,227
647928,17,2009-01-07 13:38:22,7791,2009-01-08 00:03:15,116.3402183,40.0161549,37493.0,228
567620,17,2009-01-08 00:34:46,8643,2009-01-08 02:38:01,116.4037799,39.9674883,7395.0,229
271621,17,2009-01-08 03:18:36,8511,2009-01-08 04:06:46,116.4027966,40.0611466,2890.0,230
913436,17,2009-01-08 04:41:15,8500,2009-01-08 05:22:45,116.394295,39.9710283,2490.0,231
913685,17,2009-01-08 05:26:54,8643,2009-01-08 06:42:20,116.4037266,39.9674883,4526.0,232
714483,17,2009-01-08 07:37:30,7923,2009-01-08 08:09:26,116.3472816,39.9260833,1916.0,233
714751,17,2009-01-08 08:20:13,7925,2009-01-08 09:44:20,116.3495116,39.9351466,5047.0,234
884696,17,2009-01-08 10:07:17,8643,2009-01-08 12:40:31,116.4037033,39.9674583,9194.0,235
885279,17,2009-01-08 12:58:27,7791,2009-01-08 13:39:48,116.3401783,40.0160549,2481.0,236
990561,17,2009-01-08 13:39:48,7790,2009-01-08 14:27:14,116.34005,40.0159916,2846.0,237
629072,17,2009-01-08 14:27:14,7791,2009-01-09 02:04:09,116.3402266,40.0161433,41815.0,238
337209,17,2009-01-09 02:04:31,7791,2009-01-09 02:41:10,116.3444333,40.0170749,2199.0,239
337673,17,2009-01-09 02:55:35,7358,2009-01-09 06:11:37,116.2991566,39.9842833,11762.0,240
304001,17,2009-01-09 06:39:43,8643,2009-01-09 11:53:07,116.4109216,39.96725,18804.0,241
1105,17,2009-01-09 12:14:15,7791,2009-01-09 13:17:35,116.3445166,40.0180483,3800.0,242
1184,17,2009-01-09 13:17:35,7790,2009-01-09 13:56:17,116.3425733,40.0114483,2322.0,243
1186,17,2009-01-09 13:56:17,7791,2009-01-10 06:52:51,116.3418233,40.0184166,60994.0,244
425541,17,2009-01-10 08:05:20,7932,2009-01-10 09:55:09,116.3563433,39.9999983,6589.0,245
634766,17,2009-01-10 10:26:37,7923,2009-01-10 11:06:46,116.3495033,39.9260182,2409.0,246
636014,17,2009-01-10 12:19:02,7791,2009-01-11 05:07:16,116.340105,40.0160366,60494.0,247
646327,17,2009-01-11 05:23:18,8643,2009-01-11 06:13:37,116.4037933,39.9674583,3019.0,248
139959,17,2009-01-11 06:59:22,7497,2009-01-11 07:43:00,116.3174749,39.9530599,2618.0,249
141034,17,2009-01-11 08:14:02,8787,2009-01-11 17:09:16,116.4156483,39.9756683,32114.0,250
596821,17,2009-01-11 17:27:47,7791,2009-01-12 00:04:01,116.3445566,40.0211633,23774.0,251
597638,17,2009-01-12 00:33:02,7497,2009-01-12 01:18:27,116.3174483,39.953065,2725.0,252
764706,17,2009-01-12 01:32:40,7358,2009-01-12 04:25:25,116.30908,39.9843183,10365.0,253
497762,17,2009-01-12 04:38:43,7791,2009-01-12 06:02:27,116.3401649,40.0160966,5024.0,254
545848,17,2009-01-12 08:03:29,7922,2009-01-12 08:51:07,116.3497116,39.9169883,2858.0,255
632746,17,2009-01-12 09:10:16,8643,2009-01-12 09:58:05,116.4037316,39.9674033,2869.0,256
855275,17,2009-01-12 11:04:58,7791,2009-01-12 12:47:50,116.3401216,40.0160416,6172.0,257
636297,17,2009-01-12 12:55:13,7365,2009-01-12 13:52:09,116.3090716,40.0472249,3416.0,258
570049,17,2009-01-12 14:02:53,7791,2009-01-13 00:06:11,116.3415733,40.0249333,36198.0,259
989304,17,2009-01-13 00:48:36,8643,2009-01-13 02:33:03,116.4037716,39.9674799,6267.0,260
504476,17,2009-01-13 03:08:29,7781,2009-01-13 06:16:51,116.3372833,39.9350533,11302.0,261
850438,17,2009-01-13 07:30:05,8643,2009-01-13 09:47:34,116.40383,39.9675183,8249.0,262
337171,17,2009-01-13 11:32:44,7791,2009-01-14 00:20:46,116.3401516,40.0160699,46082.0,263
515373,17,2009-01-14 00:45:45,8643,2009-01-14 02:15:39,116.4038033,39.9674083,5394.0,264
848911,17,2009-01-14 02:44:55,7923,2009-01-14 03:31:56,116.3472016,39.9260483,2821.0,265
556033,17,2009-01-14 03:50:49,8926,2009-01-14 05:39:33,116.4274349,39.9393116,6524.0,266
639266,17,2009-01-14 08:05:48,8643,2009-01-14 09:14:51,116.4037266,39.967375,4143.0,267
476723,17,2009-01-14 10:39:48,8214,2009-01-14 14:27:26,116.3738099,39.9620949,13658.0,268
193657,17,2009-01-14 14:32:56,7791,2009-01-15 00:08:00,116.3402049,40.0161216,34504.0,269
572485,17,2009-01-15 00:22:15,7501,2009-01-15 10:40:57,116.3199783,39.9850283,37122.0,270
651136,17,2009-01-15 10:53:16,7642,2009-01-15 11:40:02,116.3321883,39.9709283,2806.0,271
651335,17,2009-01-15 11:45:01,7791,2009-01-16 04:42:05,116.3401133,40.0160366,61024.0,272
998303,17,2009-01-16 04:56:08,7933,2009-01-16 05:30:11,116.3463966,40.0071049,2043.0,273
910670,17,2009-01-16 07:58:36,7791,2009-01-16 10:54:35,116.3402666,40.0160799,10559.0,274
910952,17,2009-01-16 10:57:10,7791,2009-01-16 11:27:54,116.3426333,40.0176366,1844.0,275
911013,17,2009-01-16 11:29:25,7791,2009-01-16 12:32:30,116.3445099,40.0192199,3785.0,276
911141,17,2009-01-16 12:34:44,7500,2009-01-17 09:27:47,116.3165433,39.9798766,75183.0,277
351715,17,2009-01-17 09:50:45,7642,2009-01-17 10:30:08,116.3321349,39.971,2363.0,278
351746,17,2009-01-17 10:32:29,7642,2009-01-17 12:24:09,116.3318066,39.9696416,6700.0,279
590582,17,2009-01-17 12:36:52,7791,2009-01-18 01:27:04,116.340245,40.0161799,46212.0,280
908953,17,2009-01-18 01:31:27,7791,2009-01-18 06:57:48,116.3402266,40.0160849,19581.0,281
463287,17,2009-01-18 07:31:59,8511,2009-01-18 08:25:03,116.4036516,40.0665616,3184.0,282
464420,17,2009-01-18 09:08:54,7791,2009-01-18 23:56:11,116.340155,40.0160366,53237.0,283
571254,17,2009-01-19 00:31:55,8643,2009-01-19 02:31:49,116.40374,39.9674766,7194.0,284
572130,17,2009-01-19 02:56:49,7923,2009-01-19 04:06:47,116.3496733,39.9260516,4198.0,285
860108,17,2009-01-19 04:55:53,8643,2009-01-19 07:20:57,116.4037149,39.9674949,8704.0,286
728437,17,2009-01-19 07:33:44,8065,2009-01-19 08:06:36,116.3674199,39.9170916,1972.0,287
793846,17,2009-01-19 09:46:33,8643,2009-01-19 10:23:25,116.4037966,39.9673666,2212.0,288
795314,17,2009-01-19 11:25:23,7497,2009-01-19 14:24:10,116.3174349,39.9530683,10727.0,289
575986,17,2009-01-19 15:04:38,7791,2009-01-20 00:09:33,116.3401933,40.0160566,32695.0,290
426720,17,2009-01-20 00:40:11,8643,2009-01-20 01:33:26,116.4037683,39.9674466,3195.0,291
820219,17,2009-01-20 02:53:34,7923,2009-01-20 03:45:49,116.34967,39.9260766,3135.0,292
820951,17,2009-01-20 04:03:09,8643,2009-01-20 06:58:44,116.4038049,39.9675433,10535.0,293
392384,17,2009-01-20 07:43:50,7358,2009-01-20 08:33:12,116.3090616,39.9842483,2962.0,294
498565,17,2009-01-20 08:55:18,7791,2009-01-21 00:03:16,116.3401916,40.0160483,54478.0,295
503582,17,2009-01-21 00:31:36,8643,2009-01-21 01:43:23,116.4037466,39.9675116,4307.0,296
586902,17,2009-01-21 03:46:00,8643,2009-01-21 07:15:28,116.4037216,39.9673833,12568.0,297
587137,17,2009-01-21 07:15:28,8644,2009-01-21 08:00:01,116.4120833,39.9741016,2673.0,298
588273,17,2009-01-21 08:49:39,7791,2009-01-21 12:14:05,116.3402433,40.0161216,12266.0,299
778273,17,2009-01-21 12:14:11,7791,2009-01-22 00:00:31,116.3402166,40.0160983,42380.0,300
933731,17,2009-01-22 00:27:24,8643,2009-01-22 02:30:07,116.4038549,39.9674733,7363.0,301
937024,17,2009-01-22 03:56:04,7918,2009-01-22 04:41:01,116.3473283,39.881135,2697.0,302
938105,17,2009-01-22 05:31:48,8208,2009-01-22 06:18:06,116.3701933,39.9082366,2778.0,303
940108,17,2009-01-22 07:56:37,8643,2009-01-22 09:51:50,116.4037783,39.9674383,6913.0,304
940626,17,2009-01-22 10:28:36,8359,2009-01-22 11:29:41,116.3868516,39.9859499,3665.0,305
942590,17,2009-01-22 12:26:21,8779,2009-01-22 14:04:59,116.4156183,39.901285,5918.0,306
58204,17,2009-01-22 14:37:47,7791,2009-01-22 15:10:15,116.340155,40.0160666,1948.0,307
58961,17,2009-01-22 15:23:40,7791,2009-01-24 00:35:35,116.3402016,40.0160383,119515.0,308
538993,17,2009-01-24 04:23:25,19904,2009-01-24 05:14:34,117.3262199,40.9301333,3069.0,309
539358,17,2009-01-24 05:25:27,19901,2009-01-24 08:52:08,117.3262083,40.9024783,12401.0,310
539867,17,2009-01-24 09:06:44,19904,2009-01-24 09:54:13,117.3262533,40.9302133,2849.0,311
541023,17,2009-01-24 10:13:37,21769,2009-01-24 12:24:48,117.4811983,40.9872633,7871.0,312
752333,17,2009-01-24 12:45:57,19905,2009-01-24 13:22:23,117.328495,40.9333449,2186.0,313
752955,17,2009-01-24 13:41:19,19901,2009-01-25 11:54:13,117.3262233,40.9024249,79974.0,314
273034,17,2009-01-25 12:06:51,19901,2009-01-25 23:17:43,117.3262266,40.9024683,40252.0,315
371392,17,2009-01-25 23:48:34,19901,2009-01-26 04:27:37,117.32628,40.9023983,16743.0,316
103404,17,2009-01-26 04:49:22,21039,2009-01-26 05:37:51,117.4300866,40.8523849,2909.0,317
573896,17,2009-01-26 06:02:46,19901,2009-01-26 11:32:36,117.326295,40.9024083,19790.0,318
947676,17,2009-01-26 11:56:00,19901,2009-01-26 23:52:08,117.3262716,40.9024283,42968.0,319
676111,17,2009-01-27 00:09:11,19901,2009-01-27 02:17:04,117.3262199,40.90241,7673.0,320
874541,17,2009-01-27 03:02:17,21769,2009-01-27 08:32:24,117.4915966,40.9826233,19807.0,321
836386,17,2009-01-27 09:15:36,20049,2009-01-27 10:13:41,117.3387333,40.942375,3485.0,322
836999,17,2009-01-27 10:21:46,19901,2009-01-27 23:39:27,117.3261983,40.9024399,47861.0,323
991658,17,2009-01-27 23:59:30,19901,2009-01-28 01:55:05,117.3263199,40.9024583,6935.0,324
993401,17,2009-01-28 02:43:01,19881,2009-01-28 08:20:49,117.3336933,40.7264716,20268.0,325
995199,17,2009-01-28 08:55:31,19901,2009-01-29 02:26:34,117.32626,40.9023483,63063.0,326
543520,17,2009-01-29 05:04:56,19038,2009-01-29 09:04:02,117.2628583,40.8525116,14346.0,327
390345,17,2009-01-29 11:00:13,19901,2009-01-30 02:51:07,117.32621,40.9024249,57054.0,328
270293,17,2009-01-30 02:56:21,19904,2009-01-30 03:55:58,117.3262033,40.9302199,3577.0,329
678792,17,2009-01-30 05:36:03,19901,2009-01-31 01:45:05,117.32628,40.9024449,72542.0,330
406407,17,2009-01-31 02:23:24,21769,2009-01-31 05:25:22,117.4810383,40.98727,10918.0,331
353097,17,2009-01-31 05:52:25,19901,2009-01-31 06:25:37,117.3262066,40.9024849,1992.0,332
353579,17,2009-01-31 06:32:01,19904,2009-01-31 07:12:23,117.3262366,40.9299833,2422.0,333
363241,17,2009-01-31 10:34:09,7791,2009-02-01 00:09:49,116.3401716,40.0161249,48940.0,334
849308,17,2009-02-01 00:23:15,7644,2009-02-01 05:19:27,116.3300699,39.9863649,17772.0,335
132240,17,2009-02-01 05:34:26,7643,2009-02-01 10:07:37,116.32741,39.9799866,16391.0,336
272416,17,2009-02-01 10:24:58,7791,2009-02-02 00:02:08,116.3401449,40.0161266,49030.0,337
14048,17,2009-02-02 00:16:09,7643,2009-02-02 05:56:05,116.3325833,39.9750933,20396.0,338
989542,17,2009-02-02 05:56:05,7786,2009-02-02 08:56:54,116.3331283,39.9780966,10849.0,339
989583,17,2009-02-02 08:57:11,7786,2009-02-02 09:32:49,116.3328916,39.9751516,2138.0,340
989696,17,2009-02-02 09:34:32,7929,2009-02-03 00:11:45,116.3445916,39.9732816,52633.0,341
1025734,17,2009-02-03 00:34:39,8643,2009-02-03 01:51:20,116.4038483,39.9674383,4601.0,342
437076,17,2009-02-03 02:34:47,7500,2009-02-03 04:16:31,116.3208166,39.9750416,6104.0,343
448338,17,2009-02-03 04:25:37,7923,2009-02-03 05:56:14,116.3497449,39.9260733,5437.0,344
499267,17,2009-02-03 06:10:04,8643,2009-02-03 08:54:14,116.4038066,39.967515,9850.0,345
579737,17,2009-02-03 09:30:17,7791,2009-02-04 00:12:47,116.3401533,40.0160633,52950.0,346
369143,17,2009-02-04 00:42:45,8643,2009-02-04 07:35:25,116.403825,39.9674733,24760.0,347
132346,17,2009-02-04 07:35:25,8500,2009-02-04 08:12:02,116.4029966,39.9678383,2197.0,348
133694,17,2009-02-04 09:27:09,7791,2009-02-05 00:31:56,116.3401616,40.0160916,54287.0,349
295194,17,2009-02-05 00:45:54,8643,2009-02-05 02:00:27,116.4037183,39.9674533,4473.0,350
295534,17,2009-02-05 02:19:37,8643,2009-02-05 04:31:59,116.4126783,39.9710083,7942.0,351
297456,17,2009-02-05 06:08:35,8497,2009-02-05 09:09:30,116.3948383,39.94135,10855.0,352
298671,17,2009-02-05 09:42:12,7791,2009-02-06 00:04:58,116.3401249,40.0160666,51766.0,353
104290,17,2009-02-06 00:26:28,8643,2009-02-06 01:48:40,116.4037666,39.9674816,4932.0,354
118139,17,2009-02-06 03:02:59,8065,2009-02-06 03:33:04,116.3564749,39.9166383,1805.0,355
119066,17,2009-02-06 04:02:18,8643,2009-02-06 05:08:15,116.4037633,39.9674733,3957.0,356
160301,17,2009-02-06 06:26:55,8926,2009-02-06 06:59:15,116.4280549,39.9351649,1940.0,357
161224,17,2009-02-06 07:36:08,8500,2009-02-06 08:20:51,116.39417,39.9709649,2683.0,358
162791,17,2009-02-06 09:35:04,7791,2009-02-07 09:42:53,116.3401966,40.0160666,86869.0,359
654472,17,2009-02-07 09:56:01,7365,2009-02-07 10:50:04,116.3090716,40.0472383,3243.0,360
654580,17,2009-02-07 11:01:54,7365,2009-02-07 12:06:04,116.3060066,40.0482683,3850.0,361
655141,17,2009-02-07 12:29:31,7791,2009-02-08 07:39:14,116.34454,40.0211783,68983.0,362
1000362,17,2009-02-08 08:15:53,8511,2009-02-08 08:54:20,116.4027549,40.0610549,2307.0,363
1001326,17,2009-02-08 09:17:46,7791,2009-02-09 23:45:49,116.3401416,40.0160716,138483.0,364
765210,17,2009-02-10 00:07:15,7501,2009-02-10 01:08:09,116.3208199,39.984835,3654.0,365
2914,17,2009-02-10 01:18:28,8643,2009-02-10 02:02:08,116.4037233,39.96736,2620.0,366
3003,17,2009-02-10 02:02:08,8642,2009-02-10 02:34:54,116.4111349,39.9603149,1966.0,367
4258,17,2009-02-10 03:25:45,8643,2009-02-10 03:56:44,116.4037016,39.9674383,1859.0,368
4973,17,2009-02-10 04:10:49,7785,2009-02-10 05:04:25,116.3327433,39.96866,3216.0,369
591930,17,2009-02-10 05:08:49,7780,2009-02-10 05:55:12,116.3444899,39.9224149,2783.0,370
591964,17,2009-02-10 05:58:46,7780,2009-02-10 07:01:17,116.3444616,39.9228883,3751.0,371
595347,17,2009-02-10 09:10:52,7791,2009-02-11 01:13:45,116.3402166,40.0161283,57773.0,372
90960,17,2009-02-11 02:23:42,5632,2009-02-11 03:05:22,116.1670866,39.8942216,2500.0,373
94065,17,2009-02-11 04:47:54,8643,2009-02-11 06:12:36,116.4121116,39.9621783,5082.0,374
94828,17,2009-02-11 06:30:02,7500,2009-02-11 07:00:37,116.3208866,39.9750333,1835.0,375
96277,17,2009-02-11 07:58:48,7775,2009-02-11 10:53:43,116.3423766,39.8810533,10495.0,376
209081,17,2009-02-11 11:44:59,7791,2009-02-11 21:21:09,116.3402649,40.0161566,34570.0,377
780592,17,2009-02-11 22:03:26,8636,2009-02-12 08:05:30,116.4154416,39.9012016,36124.0,378
825002,17,2009-02-12 08:52:49,8643,2009-02-12 10:00:37,116.4038199,39.9675033,4068.0,379
826190,17,2009-02-12 11:12:01,8353,2009-02-12 14:41:15,116.3917916,39.9270366,12554.0,380
827632,17,2009-02-12 15:08:22,7620,2009-02-13 00:25:04,116.3267366,39.7732133,33402.0,381
829314,17,2009-02-13 01:18:29,7923,2009-02-13 02:51:35,116.3503333,39.9171433,5586.0,382
830832,17,2009-02-13 03:32:53,8643,2009-02-13 04:11:05,116.4038083,39.9674433,2292.0,383
831730,17,2009-02-13 04:33:17,8629,2009-02-13 05:11:25,116.4082566,39.8450233,2288.0,384
831848,17,2009-02-13 05:17:22,8629,2009-02-13 10:03:27,116.4076233,39.8362699,17165.0,385
833752,17,2009-02-13 11:13:26,7501,2009-02-13 13:01:45,116.3208833,39.9848433,6499.0,386
834432,17,2009-02-13 13:18:11,7791,2009-02-14 07:50:15,116.340155,40.0160983,66724.0,387
729771,17,2009-02-14 08:38:48,7791,2009-02-15 02:11:25,116.3401649,40.0161016,63157.0,388
781303,17,2009-02-15 02:24:24,7501,2009-02-15 04:06:38,116.3208949,39.9848299,6134.0,389
782010,17,2009-02-15 04:28:02,7358,2009-02-15 05:54:45,116.3090633,39.9842883,5203.0,390
782815,17,2009-02-15 06:07:47,7933,2009-02-15 06:39:09,116.3541866,40.0070533,1882.0,391
785469,17,2009-02-15 07:37:15,7501,2009-02-15 08:16:16,116.3207716,39.9847333,2341.0,392
786045,17,2009-02-15 08:52:08,7791,2009-02-15 23:53:40,116.3401766,40.0160716,54092.0,393
351217,17,2009-02-16 00:15:15,7501,2009-02-16 12:19:15,116.3208283,39.9848266,43440.0,394
942938,17,2009-02-16 12:38:00,7791,2009-02-16 13:25:44,116.3402566,40.0161049,2864.0,395
12346,17,2009-02-16 14:09:34,7791,2009-02-17 00:13:17,116.3401683,40.0161116,36223.0,396
612505,17,2009-02-17 00:48:30,8643,2009-02-17 04:33:15,116.4037533,39.9675016,13485.0,397
30878,17,2009-02-17 05:36:15,8643,2009-02-17 06:31:53,116.4114949,39.9710216,3338.0,398
31806,17,2009-02-17 06:56:52,7642,2009-02-17 07:40:10,116.3326983,39.9664133,2598.0,399
32369,17,2009-02-17 08:15:06,8643,2009-02-17 09:40:19,116.4038216,39.9675133,5113.0,400
542490,17,2009-02-17 10:32:39,7791,2009-02-18 00:06:45,116.3400749,40.0160616,48846.0,401
581168,17,2009-02-18 00:52:00,8932,2009-02-18 01:46:40,116.4297083,39.9890566,3280.0,402
581875,17,2009-02-18 02:01:53,7923,2009-02-18 03:04:24,116.3498733,39.9259933,3751.0,403
582727,17,2009-02-18 03:20:58,8643,2009-02-18 04:02:10,116.4037016,39.9674633,2472.0,404
582853,17,2009-02-18 04:02:27,8787,2009-02-18 04:57:23,116.4155883,39.974285,3296.0,405
582888,17,2009-02-18 04:57:23,8643,2009-02-18 10:40:09,116.4100466,39.9671166,20566.0,406
584471,17,2009-02-18 11:40:58,7791,2009-02-19 00:01:34,116.3401966,40.0161466,44436.0,407
569574,17,2009-02-19 00:59:55,8643,2009-02-19 02:45:00,116.4038433,39.9674666,6305.0,408
999218,17,2009-02-19 02:57:59,8643,2009-02-19 05:37:59,116.4154766,39.9680683,9600.0,409
546817,17,2009-02-19 06:30:05,7922,2009-02-19 07:03:09,116.3563716,39.9107233,1984.0,410
547154,17,2009-02-19 07:10:53,7925,2009-02-19 07:51:42,116.349725,39.9351633,2449.0,411
547782,17,2009-02-19 08:00:06,8643,2009-02-19 09:22:28,116.40372,39.9674933,4942.0,412
548067,17,2009-02-19 09:23:31,8643,2009-02-19 10:03:10,116.4107366,39.9689249,2379.0,413
548201,17,2009-02-19 10:12:45,8643,2009-02-19 10:44:47,116.4120816,39.96555,1922.0,414
549740,17,2009-02-19 11:44:47,7791,2009-02-20 00:04:40,116.3402016,40.0161166,44393.0,415
590069,17,2009-02-20 00:41:47,8643,2009-02-20 01:47:55,116.4037066,39.9674766,3968.0,416
965011,17,2009-02-20 02:37:23,7923,2009-02-20 03:10:52,116.356305,39.9224766,2009.0,417
965733,17,2009-02-20 03:21:58,8643,2009-02-20 04:37:30,116.4037566,39.9675066,4532.0,418
966627,17,2009-02-20 04:57:46,7357,2009-02-20 05:56:58,116.2997583,39.9800016,3552.0,419
966930,17,2009-02-20 06:09:37,7500,2009-02-20 07:37:41,116.3129016,39.9710766,5284.0,420
967178,17,2009-02-20 07:42:42,7358,2009-02-20 08:18:27,116.3090433,39.9844099,2145.0,421
969848,17,2009-02-20 10:15:17,7791,2009-02-21 04:14:41,116.3400333,40.0160366,64764.0,422
855975,17,2009-02-21 05:10:38,7923,2009-02-21 05:54:30,116.3497316,39.926035,2632.0,423
858149,17,2009-02-21 06:45:42,7791,2009-02-22 04:23:23,116.34007,40.0160483,77861.0,424
316628,17,2009-02-22 04:44:56,8511,2009-02-22 05:44:20,116.4027966,40.0610183,3564.0,425
318437,17,2009-02-22 06:54:55,7792,2009-02-22 08:23:11,116.3374449,40.0340133,5296.0,426
318590,17,2009-02-22 08:23:40,7791,2009-02-23 04:55:18,116.3445433,40.0220066,73898.0,427
956419,17,2009-02-23 05:30:47,7923,2009-02-23 09:03:29,116.3500583,39.9255349,12762.0,428
957462,17,2009-02-23 09:45:54,7791,2009-02-23 14:22:48,116.344485,40.0179966,16614.0,429
957764,17,2009-02-23 14:35:38,7791,2009-02-23 15:38:25,116.3411933,40.0177783,3767.0,430
958031,17,2009-02-23 16:11:35,7791,2009-02-23 16:46:36,116.3403816,40.018245,2101.0,431
958368,17,2009-02-23 17:16:13,7791,2009-02-23 18:20:59,116.3411083,40.0176966,3886.0,432
958566,17,2009-02-23 18:29:05,7791,2009-02-23 23:03:19,116.3412616,40.0160966,16454.0,433
958746,17,2009-02-23 23:03:35,7793,2009-02-24 00:12:38,116.3356483,40.0340883,4143.0,434
42120,17,2009-02-24 00:42:11,8643,2009-02-24 01:48:12,116.4037116,39.967485,3961.0,435
43077,17,2009-02-24 02:19:11,7923,2009-02-24 02:49:34,116.349655,39.9259716,1823.0,436
43927,17,2009-02-24 03:07:40,8926,2009-02-24 03:39:31,116.4281583,39.93517,1911.0,437
44409,17,2009-02-24 03:47:01,8643,2009-02-24 07:39:25,116.4121116,39.9621966,13944.0,438
45566,17,2009-02-24 08:17:42,8643,2009-02-24 10:23:06,116.4119966,39.9621549,7524.0,439
648249,17,2009-02-24 10:29:20,8359,2009-02-24 18:29:42,116.3881316,39.9801599,28822.0,440
648799,17,2009-02-24 18:37:25,7791,2009-02-25 00:00:09,116.3401733,40.0161083,19364.0,441
307491,17,2009-02-25 01:13:35,9936,2009-02-25 01:48:57,116.5145549,40.0161583,2122.0,442
309084,17,2009-02-25 02:17:04,8643,2009-02-25 05:14:26,116.40376,39.9674766,10642.0,443
309233,17,2009-02-25 05:14:26,7923,2009-02-25 05:47:40,116.351155,39.9246099,1994.0,444
310005,17,2009-02-25 06:05:29,8201,2009-02-25 06:41:31,116.3682233,39.8492183,2162.0,445
314721,17,2009-02-25 08:57:46,8643,2009-02-25 11:24:03,116.4037499,39.9674566,8777.0,446
315724,17,2009-02-25 11:43:14,7791,2009-02-25 12:33:46,116.3401933,40.0161199,3032.0,447
487737,17,2009-02-25 12:45:23,7501,2009-03-05 11:08:16,116.3207533,39.9848066,685373.0,448
394477,17,2009-03-05 11:26:19,7791,2009-03-06 00:06:21,116.3402333,40.0160966,45602.0,449
395697,17,2009-03-06 00:36:58,8643,2009-03-06 02:50:26,116.4037016,39.9675199,8008.0,450
396499,17,2009-03-06 03:29:11,8643,2009-03-06 04:46:44,116.4121016,39.9621916,4653.0,451
397498,17,2009-03-06 05:10:14,8065,2009-03-06 06:13:34,116.3564616,39.912455,3800.0,452
404023,17,2009-03-06 09:36:06,7501,2009-03-06 11:18:28,116.3207766,39.9848399,6142.0,453
404565,17,2009-03-06 11:33:06,7791,2009-03-07 10:41:25,116.3402033,40.016065,83299.0,454
718787,17,2009-03-07 10:42:57,7791,2009-03-07 11:19:22,116.3401483,40.0160616,2185.0,455
719039,17,2009-03-07 11:57:41,7791,2009-03-07 12:43:29,116.3401816,40.0160433,2748.0,456
719115,17,2009-03-07 12:48:27,7791,2009-03-08 05:13:56,116.3417916,40.0161199,59129.0,457
242462,17,2009-03-08 06:07:01,8511,2009-03-08 06:49:27,116.4027283,40.0611033,2546.0,458
243974,17,2009-03-08 07:42:31,7791,2009-03-08 08:18:34,116.3401566,40.016065,2163.0,459
244033,17,2009-03-08 08:18:34,7790,2009-03-09 00:04:14,116.3400866,40.0160099,56740.0,460
746426,17,2009-03-09 00:42:50,8643,2009-03-09 01:28:05,116.4037316,39.9674266,2715.0,461
747187,17,2009-03-09 01:50:34,8643,2009-03-09 04:48:47,116.4038033,39.9674499,10693.0,462
749918,17,2009-03-09 07:07:26,8643,2009-03-09 09:47:56,116.4037349,39.9674816,9630.0,463
751256,17,2009-03-09 10:31:08,7790,2009-03-11 00:02:19,116.3444616,40.0139166,135071.0,464
796474,17,2009-03-11 00:32:52,8643,2009-03-11 01:20:07,116.4037866,39.9671983,2835.0,465
796696,17,2009-03-11 01:20:35,8643,2009-03-11 02:37:02,116.406535,39.962975,4587.0,466
796857,17,2009-03-11 02:50:08,8643,2009-03-11 06:57:44,116.4114983,39.962175,14856.0,467
798468,17,2009-03-11 07:42:12,8357,2009-03-11 08:12:27,116.3908299,39.9621099,1815.0,468
799185,17,2009-03-11 08:29:54,7501,2009-03-11 09:15:10,116.3208783,39.9848366,2716.0,469
799669,17,2009-03-11 09:30:23,7790,2009-03-12 00:10:37,116.3445016,40.0139266,52814.0,470
679254,17,2009-03-12 00:30:14,7501,2009-03-13 00:23:59,116.3208599,39.9847733,86025.0,471
980547,17,2009-03-13 00:36:39,8643,2009-03-13 02:37:21,116.4037499,39.9674383,7242.0,472
981110,17,2009-03-13 02:47:38,8216,2009-03-13 03:43:53,116.3799549,39.9809749,3375.0,473
981523,17,2009-03-13 03:49:34,8643,2009-03-13 04:47:46,116.4037833,39.9673916,3492.0,474
983889,17,2009-03-13 05:40:23,8201,2009-03-13 06:21:42,116.3683283,39.8492233,2479.0,475
986311,17,2009-03-13 07:24:50,8643,2009-03-13 09:56:24,116.4154533,39.9680433,9094.0,476
987901,17,2009-03-13 11:01:08,7790,2009-03-14 01:59:30,116.3400833,40.0160349,53902.0,477
908978,17,2009-03-14 01:59:30,7792,2009-03-14 02:46:03,116.3393849,40.0290666,2793.0,478
909200,17,2009-03-14 02:53:45,7791,2009-03-15 01:04:16,116.3418783,40.0160383,79831.0,479
240853,17,2009-03-15 01:50:34,7792,2009-03-15 02:41:49,116.3414866,40.0250966,3075.0,480
241155,17,2009-03-15 02:46:12,7791,2009-03-15 05:51:37,116.3418833,40.0160799,11125.0,481
629207,17,2009-03-15 06:01:32,8511,2009-03-15 07:13:22,116.4027516,40.0610199,4310.0,482
630674,17,2009-03-15 08:04:19,7934,2009-03-15 09:56:56,116.3563099,40.0218916,6757.0,483
630969,17,2009-03-15 10:01:09,7790,2009-03-15 10:52:27,116.3445083,40.0139066,3078.0,484
631054,17,2009-03-15 10:52:27,7791,2009-03-16 00:06:05,116.3418,40.0160816,47618.0,485
730905,17,2009-03-16 00:36:06,8643,2009-03-16 02:37:33,116.4037466,39.9673683,7287.0,486
732806,17,2009-03-16 03:55:25,8643,2009-03-16 04:54:57,116.40374,39.9674016,3572.0,487
735703,17,2009-03-16 06:39:29,8643,2009-03-16 08:26:08,116.4037966,39.9674533,6399.0,488
736000,17,2009-03-16 08:49:07,8499,2009-03-16 09:40:14,116.4036316,39.9607466,3067.0,489
737516,17,2009-03-16 10:52:46,7791,2009-03-16 12:12:12,116.3417133,40.0161233,4766.0,490
611043,17,2009-03-16 12:37:03,7790,2009-03-18 00:26:17,116.3444599,40.0139449,128954.0,491
437879,17,2009-03-18 00:47:19,8643,2009-03-18 01:49:59,116.4038266,39.967385,3760.0,492
438777,17,2009-03-18 02:26:46,7924,2009-03-18 03:59:52,116.3473933,39.9261099,5586.0,493
439410,17,2009-03-18 04:08:28,8643,2009-03-18 05:54:16,116.403775,39.9674516,6348.0,494
440899,17,2009-03-18 07:03:47,8643,2009-03-18 07:47:21,116.4037883,39.9674866,2614.0,495
444727,17,2009-03-18 09:23:36,7790,2009-03-19 00:01:21,116.3445516,40.0138883,52665.0,496
568086,17,2009-03-19 00:33:05,7501,2009-03-19 05:00:09,116.3208166,39.9848633,16024.0,497
350698,17,2009-03-19 05:13:36,7643,2009-03-19 09:55:08,116.3272166,39.9800199,16892.0,498
679552,17,2009-03-19 10:00:25,7501,2009-03-19 12:44:59,116.3209,39.984065,9874.0,499
780829,17,2009-03-19 12:50:40,7790,2009-03-20 00:09:47,116.3444249,40.0139533,40747.0,500
318874,17,2009-03-20 01:25:56,8643,2009-03-20 11:55:46,116.4099333,39.9679999,37790.0,501
320509,17,2009-03-20 12:48:33,7790,2009-03-21 05:25:50,116.3445633,40.0139599,59837.0,502
210304,17,2009-03-21 06:34:22,7791,2009-03-22 05:45:21,116.3401449,40.0160499,83459.0,503
8038,17,2009-03-22 06:40:46,8511,2009-03-22 07:37:43,116.4036799,40.0633466,3417.0,504
9562,17,2009-03-22 08:26:54,7790,2009-03-22 08:59:22,116.3445383,40.0139833,1948.0,505
9868,17,2009-03-22 09:29:57,7791,2009-03-22 10:29:27,116.3417066,40.0160433,3570.0,506
10014,17,2009-03-22 10:31:16,7789,2009-03-23 00:05:32,116.3413699,40.0067016,48856.0,507
949827,17,2009-03-23 00:45:37,8643,2009-03-23 02:25:19,116.4037416,39.9674833,5982.0,508
951833,17,2009-03-23 03:37:54,8643,2009-03-23 05:40:49,116.4120083,39.9621499,7375.0,509
954329,17,2009-03-23 06:49:07,7934,2009-03-23 07:39:25,116.3457616,40.0161399,3018.0,510
955285,17,2009-03-23 09:14:42,7933,2009-03-23 14:37:04,116.3516316,40.0160216,19342.0,511
393924,17,2009-03-23 15:22:01,7791,2009-03-23 21:21:46,116.3417899,40.0160433,21585.0,512
149435,17,2009-03-23 23:57:42,20048,2009-03-24 01:33:45,117.3381249,40.935505,5763.0,513
149643,17,2009-03-24 01:35:56,19904,2009-03-24 05:22:10,117.3331166,40.9333166,13574.0,514
149729,17,2009-03-24 05:22:10,19761,2009-03-24 07:24:04,117.3261316,40.9303183,7314.0,515
150082,17,2009-03-24 07:34:02,19901,2009-03-24 12:38:22,117.3262633,40.90241,18260.0,516
158382,17,2009-03-24 15:09:00,7791,2009-03-25 00:07:40,116.3418066,40.0160533,32320.0,517
126123,17,2009-03-25 00:43:09,8643,2009-03-25 01:25:20,116.4038066,39.9674633,2531.0,518
126966,17,2009-03-25 01:42:27,7923,2009-03-25 02:16:26,116.3496516,39.9259783,2039.0,519
128271,17,2009-03-25 03:01:08,8643,2009-03-25 04:00:51,116.4121016,39.9621366,3583.0,520
128496,17,2009-03-25 04:00:51,8500,2009-03-25 04:42:26,116.4036216,39.9676866,2495.0,521
128792,17,2009-03-25 04:45:33,8643,2009-03-25 08:07:05,116.403845,39.9673683,12092.0,522
129103,17,2009-03-25 08:07:05,8500,2009-03-25 08:43:55,116.4036866,39.9676666,2210.0,523
129493,17,2009-03-25 08:54:31,8359,2009-03-25 09:42:27,116.3800583,39.9861449,2876.0,524
130139,17,2009-03-25 09:56:28,7791,2009-03-25 11:49:17,116.3418116,40.0160733,6769.0,525
131101,17,2009-03-25 12:17:10,7790,2009-03-26 00:06:45,116.3445133,40.0139849,42575.0,526
1024837,17,2009-03-26 00:27:49,7501,2009-03-26 11:34:23,116.3207383,39.984625,39994.0,527
59407,17,2009-03-26 11:44:03,7790,2009-03-27 00:25:12,116.3444733,40.0139633,45669.0,528
701678,17,2009-03-27 00:45:50,8643,2009-03-27 02:15:46,116.4037383,39.9674633,5396.0,529
703645,17,2009-03-27 03:49:18,8643,2009-03-27 04:57:26,116.4037699,39.9674099,4088.0,530
706075,17,2009-03-27 06:33:57,8643,2009-03-27 12:27:16,116.4037983,39.9674316,21199.0,531
707353,17,2009-03-27 12:56:33,7790,2009-03-28 04:19:12,116.3445466,40.0139116,55359.0,532
946467,17,2009-03-28 05:28:38,7790,2009-03-28 06:56:59,116.3358349,40.0070499,5301.0,533
946567,17,2009-03-28 06:56:59,7791,2009-03-29 02:58:19,116.3417633,40.0161049,72080.0,534
681740,17,2009-03-29 03:25:05,8511,2009-03-29 04:29:23,116.4027833,40.0611099,3858.0,535
683163,17,2009-03-29 05:13:18,7934,2009-03-29 08:14:58,116.356375,40.0219149,10900.0,536
684478,17,2009-03-29 09:35:31,7791,2009-03-29 23:53:48,116.3418233,40.0160983,51497.0,537
456357,17,2009-03-30 00:33:25,8643,2009-03-30 01:27:59,116.4037633,39.9674883,3274.0,538
456424,17,2009-03-30 01:30:52,8643,2009-03-30 02:05:03,116.4096449,39.96653,2051.0,539
457372,17,2009-03-30 02:25:19,7212,2009-03-30 03:23:09,116.2854966,39.9568233,3470.0,540
458631,17,2009-03-30 04:21:48,8643,2009-03-30 06:22:52,116.4037716,39.9673366,7264.0,541
461598,17,2009-03-30 08:08:59,8643,2009-03-30 10:19:24,116.4037933,39.9674566,7825.0,542
462491,17,2009-03-30 10:54:35,7791,2009-03-30 11:24:59,116.3418099,40.0160783,1824.0,543
2196,17,2009-03-30 12:09:44,7791,2009-03-31 23:56:36,116.3418099,40.016065,128812.0,544
219983,17,2009-04-01 00:28:41,8643,2009-04-01 02:25:32,116.4037216,39.9674733,7011.0,545
221311,17,2009-04-01 03:35:17,9066,2009-04-01 05:20:11,116.4494783,39.9081766,6294.0,546
224078,17,2009-04-01 07:15:48,8926,2009-04-01 08:12:17,116.4274749,39.9393966,3389.0,547
224564,17,2009-04-01 08:20:16,8643,2009-04-01 10:04:17,116.4121433,39.9621316,6241.0,548
225629,17,2009-04-01 11:19:41,7791,2009-04-01 23:53:04,116.3417866,40.0160533,45203.0,549
325994,17,2009-04-02 00:30:33,8643,2009-04-02 02:40:15,116.4037299,39.9674783,7782.0,550
326462,17,2009-04-02 02:49:05,8926,2009-04-02 03:19:28,116.4274749,39.93932,1823.0,551
328181,17,2009-04-02 04:36:10,8643,2009-04-02 06:03:20,116.4037233,39.9674666,5230.0,552
332373,17,2009-04-02 08:14:08,7925,2009-04-02 08:44:54,116.3496866,39.9351583,1846.0,553
333690,17,2009-04-02 09:12:34,6777,2009-04-02 10:06:21,116.2616249,39.9062399,3227.0,554
336538,17,2009-04-02 11:35:58,7790,2009-04-03 00:01:00,116.3445066,40.0138833,44702.0,555
800893,17,2009-04-03 00:33:18,8643,2009-04-03 02:22:44,116.4037316,39.9676,6566.0,556
801739,17,2009-04-03 02:39:42,7923,2009-04-03 03:09:58,116.3494349,39.9259583,1816.0,557
806069,17,2009-04-03 05:53:30,9925,2009-04-03 06:24:07,116.51015,39.9218899,1837.0,558
808318,17,2009-04-03 07:43:08,8643,2009-04-03 08:43:52,116.40381,39.9673933,3644.0,559
809170,17,2009-04-03 09:06:25,7790,2009-04-03 09:56:08,116.3445299,40.0139366,2983.0,560
809251,17,2009-04-03 09:56:08,7791,2009-04-03 13:15:20,116.3417533,40.0161533,11952.0,561
657394,17,2009-04-03 14:27:20,7791,2009-04-04 02:02:08,116.3417849,40.0161066,41688.0,562
716524,17,2009-04-04 03:04:44,8654,2009-04-04 04:51:48,116.4037349,40.06326,6424.0,563
717953,17,2009-04-04 05:41:27,7934,2009-04-04 06:13:08,116.3563133,40.02191,1901.0,564
718116,17,2009-04-04 06:14:40,7934,2009-04-04 06:58:22,116.3562583,40.0219583,2622.0,565
718230,17,2009-04-04 06:58:31,7792,2009-04-04 09:10:32,116.3445299,40.025965,7921.0,566
718716,17,2009-04-04 09:23:27,7791,2009-04-05 05:31:08,116.3417566,40.0160816,72461.0,567
566138,17,2009-04-05 06:00:12,7791,2009-04-05 08:06:51,116.3417833,40.0160899,7599.0,568
566703,17,2009-04-05 08:20:33,7786,2009-04-05 10:53:07,116.3327499,39.9742466,9154.0,569
567322,17,2009-04-05 11:41:33,7791,2009-04-06 01:24:29,116.341795,40.0160533,49376.0,570
567375,17,2009-04-06 01:42:27,7791,2009-04-06 06:04:18,116.3424816,40.0161266,15711.0,571
123008,17,2009-04-06 08:13:32,5508,2009-04-06 09:19:18,116.1552633,40.0672833,3946.0,572
124246,17,2009-04-06 09:47:46,7365,2009-04-06 10:25:22,116.2984666,40.0518999,2256.0,573
124950,17,2009-04-06 10:44:52,7791,2009-04-06 23:31:34,116.3418166,40.0160899,46002.0,574
745196,17,2009-04-06 23:55:12,7501,2009-04-07 12:29:22,116.3208249,39.9848733,45250.0,575
527959,17,2009-04-07 13:10:07,7791,2009-04-07 23:44:12,116.3415799,40.0163033,38045.0,576
887430,17,2009-04-08 00:24:16,8643,2009-04-08 01:45:57,116.4037383,39.9673649,4901.0,577
890720,17,2009-04-08 04:29:58,8643,2009-04-08 05:00:07,116.4120549,39.96219,1809.0,578
895772,17,2009-04-08 07:56:29,10800,2009-04-08 08:58:01,116.5821399,40.0788966,3692.0,579
897752,17,2009-04-08 10:29:01,8500,2009-04-08 11:07:52,116.3941233,39.9710249,2331.0,580
898189,17,2009-04-08 11:14:37,7642,2009-04-08 11:51:31,116.33263,39.9665433,2214.0,581
898267,17,2009-04-08 11:51:31,7643,2009-04-08 12:54:02,116.3278533,39.97107,3751.0,582
898572,17,2009-04-08 13:01:13,7501,2009-04-08 13:42:50,116.3208049,39.9848483,2497.0,583
899167,17,2009-04-08 13:59:58,7790,2009-04-08 23:54:02,116.34197,40.0160249,35644.0,584
687314,17,2009-04-09 00:28:19,8643,2009-04-09 02:03:45,116.4037066,39.9675533,5726.0,585
688649,17,2009-04-09 02:42:56,7066,2009-04-09 03:49:09,116.2736466,39.9311616,3973.0,586
689628,17,2009-04-09 04:06:36,8643,2009-04-09 05:52:45,116.4037483,39.9673916,6369.0,587
692107,17,2009-04-09 07:38:57,7923,2009-04-09 08:09:51,116.3496099,39.926035,1854.0,588
692866,17,2009-04-09 08:26:09,8643,2009-04-09 09:36:24,116.4037633,39.9674466,4215.0,589
695912,17,2009-04-09 12:02:23,7220,2009-04-09 12:41:47,116.2955516,40.0262999,2364.0,590
695923,17,2009-04-09 12:41:47,7791,2009-04-09 13:15:20,116.3413699,40.0171166,2013.0,591
695968,17,2009-04-09 13:16:07,7791,2009-04-09 14:14:31,116.3416299,40.0160716,3504.0,592
696826,17,2009-04-09 14:44:29,7791,2009-04-09 23:45:40,116.3418,40.0160583,32471.0,593
23180,17,2009-04-10 00:19:54,8643,2009-04-10 01:27:53,116.4038233,39.967455,4079.0,594
24564,17,2009-04-10 02:11:50,7066,2009-04-10 03:10:51,116.2737249,39.9311483,3541.0,595
25647,17,2009-04-10 03:37:45,8643,2009-04-10 05:48:21,116.4038283,39.96746,7836.0,596
26456,17,2009-04-10 06:05:49,7357,2009-04-10 06:41:59,116.3004416,39.9710933,2170.0,597
27352,17,2009-04-10 06:58:36,8643,2009-04-10 12:56:15,116.4037433,39.9673983,21459.0,598
28347,17,2009-04-10 13:18:09,7791,2009-04-11 00:03:26,116.3417316,40.0160549,38717.0,599
811331,17,2009-04-11 01:01:03,9208,2009-04-11 05:38:22,116.4627549,39.9037232,16639.0,600
813001,17,2009-04-11 07:36:39,7062,2009-04-11 08:27:58,116.2749383,39.899045,3079.0,601
814058,17,2009-04-11 09:00:40,5778,2009-04-11 09:36:48,116.1672116,39.9232716,2168.0,602
815415,17,2009-04-11 10:03:18,7934,2009-04-11 10:39:09,116.3562599,40.0218933,2151.0,603
815743,17,2009-04-11 10:46:24,7791,2009-04-12 01:47:31,116.3417699,40.0160699,54067.0,604
518341,17,2009-04-12 01:58:55,7501,2009-04-12 05:49:35,116.3208916,39.9847916,13840.0,605
519608,17,2009-04-12 06:31:23,8511,2009-04-12 07:24:06,116.4027466,40.0610716,3163.0,606
522060,17,2009-04-12 09:12:49,7798,2009-04-12 09:48:03,116.3329249,40.0790233,2114.0,607
523984,17,2009-04-12 10:39:53,7501,2009-04-12 13:31:44,116.3208266,39.9847333,10311.0,608
524682,17,2009-04-12 13:47:50,7791,2009-04-12 14:21:59,116.3401816,40.0161399,2049.0,609
524773,17,2009-04-12 14:23:24,7791,2009-04-13 00:00:09,116.3417983,40.0161116,34605.0,610
838531,17,2009-04-13 00:41:32,8643,2009-04-13 02:22:49,116.4038183,39.9675099,6077.0,611
840258,17,2009-04-13 03:24:25,8643,2009-04-13 04:07:26,116.4038499,39.9674333,2581.0,612
843503,17,2009-04-13 06:08:08,8201,2009-04-13 06:58:08,116.3683333,39.8492199,3000.0,613
844440,17,2009-04-13 07:34:18,8353,2009-04-13 08:07:47,116.3801683,39.9317133,2009.0,614
845510,17,2009-04-13 08:33:54,8643,2009-04-13 13:11:20,116.4037683,39.9674349,16646.0,615
846991,17,2009-04-13 13:46:21,7501,2009-04-13 14:57:33,116.3208599,39.9848149,4272.0,616
847400,17,2009-04-13 15:07:12,7790,2009-04-13 23:52:17,116.3445333,40.0139166,31505.0,617
787605,17,2009-04-14 00:28:14,8643,2009-04-14 02:28:00,116.4037166,39.9674783,7186.0,618
788575,17,2009-04-14 02:54:37,8643,2009-04-14 06:38:46,116.4120283,39.9621733,13449.0,619
789150,17,2009-04-14 06:53:46,8068,2009-04-14 07:59:11,116.3659499,39.9440533,3925.0,620
789722,17,2009-04-14 08:11:30,8643,2009-04-14 09:47:07,116.4037683,39.9673,5737.0,621
791241,17,2009-04-14 10:43:54,7791,2009-04-15 23:45:15,116.3418116,40.0160666,133281.0,622
469037,17,2009-04-16 00:19:16,8643,2009-04-16 00:53:33,116.4037866,39.9674616,2057.0,623
471091,17,2009-04-16 01:26:40,5632,2009-04-16 03:57:17,116.1670366,39.89425,9037.0,624
471120,17,2009-04-16 03:57:17,5775,2009-04-16 05:06:21,116.1673233,39.8941666,4144.0,625
471364,17,2009-04-16 05:06:21,5632,2009-04-16 06:22:30,116.1671233,39.8942433,4569.0,626
471636,17,2009-04-16 06:39:05,5632,2009-04-16 07:23:04,116.1669949,39.8942149,2639.0,627
471922,17,2009-04-16 07:49:28,5632,2009-04-16 08:25:28,116.1670733,39.8942549,2160.0,628
472191,17,2009-04-16 08:36:44,5632,2009-04-16 09:27:56,116.1671116,39.8941916,3072.0,629
475149,17,2009-04-16 10:48:22,7791,2009-04-16 11:21:51,116.3401933,40.0161249,2009.0,630
475287,17,2009-04-16 11:23:23,7791,2009-04-16 23:48:01,116.3418533,40.0160366,44678.0,631
211632,17,2009-04-17 00:29:54,8643,2009-04-17 01:57:22,116.4038233,39.96753,5248.0,632
212571,17,2009-04-17 02:15:02,7213,2009-04-17 03:44:26,116.2965949,39.9621666,5364.0,633
213319,17,2009-04-17 04:00:05,8643,2009-04-17 05:27:08,116.4038283,39.9674633,5223.0,634
216539,17,2009-04-17 07:13:29,5632,2009-04-17 08:41:09,116.1670216,39.8942533,5260.0,635
218669,17,2009-04-17 09:25:24,7790,2009-04-17 09:58:11,116.3445516,40.0138666,1967.0,636
218757,17,2009-04-17 09:58:11,7791,2009-04-18 01:45:42,116.3417266,40.0161016,56851.0,637
96719,17,2009-04-18 02:06:34,7501,2009-04-18 02:57:56,116.3208399,39.9847666,3082.0,638
97251,17,2009-04-18 03:15:14,7791,2009-04-18 04:07:48,116.3444416,40.016965,3154.0,639
97374,17,2009-04-18 04:20:53,7791,2009-04-18 08:46:14,116.3417233,40.0161233,15921.0,640
98456,17,2009-04-18 09:29:14,7790,2009-04-18 10:02:07,116.3445166,40.0139266,1973.0,641
98543,17,2009-04-18 10:02:07,7791,2009-04-19 01:04:01,116.3417549,40.0161383,54114.0,642
226910,17,2009-04-19 01:12:15,7501,2009-04-19 02:23:57,116.320845,39.9848099,4302.0,643
228275,17,2009-04-19 03:12:07,8654,2009-04-19 04:10:34,116.4037166,40.0633233,3507.0,644
229224,17,2009-04-19 04:39:39,8359,2009-04-19 05:33:17,116.3801049,39.9861966,3218.0,645
230064,17,2009-04-19 06:28:03,7934,2009-04-19 09:47:51,116.3458483,40.0161533,11988.0,646
230424,17,2009-04-19 10:10:26,7791,2009-04-19 13:04:42,116.341765,40.0160849,10456.0,647
165134,17,2009-04-19 13:04:42,7790,2009-04-19 13:57:17,116.3417783,40.0154999,3155.0,648
165300,17,2009-04-19 13:57:17,7791,2009-04-20 00:00:27,116.3417366,40.0160849,36190.0,649
559996,17,2009-04-20 00:32:37,8643,2009-04-20 01:32:04,116.403825,39.9675283,3567.0,650
561834,17,2009-04-20 02:41:41,8065,2009-04-20 03:22:19,116.3579116,39.9170449,2438.0,651
562723,17,2009-04-20 03:55:31,8643,2009-04-20 05:09:02,116.40379,39.9675183,4411.0,652
564192,17,2009-04-20 05:55:22,8359,2009-04-20 07:24:54,116.3801233,39.9861233,5372.0,653
564535,17,2009-04-20 07:30:40,8643,2009-04-20 09:38:39,116.4037849,39.9673566,7679.0,654
565707,17,2009-04-20 10:28:33,7791,2009-04-20 11:08:17,116.3418466,40.0160683,2384.0,655
912453,17,2009-04-20 12:03:45,7791,2009-04-20 23:57:34,116.3417783,40.0161033,42829.0,656
757695,17,2009-04-21 00:34:58,8643,2009-04-21 02:21:35,116.4037966,39.9672083,6397.0,657
759585,17,2009-04-21 02:50:37,5632,2009-04-21 03:53:51,116.1670899,39.8942149,3794.0,658
761599,17,2009-04-21 05:02:10,7924,2009-04-21 05:46:53,116.3501883,39.9262199,2683.0,659
762904,17,2009-04-21 07:05:20,8787,2009-04-21 07:39:28,116.4214283,39.9752283,2048.0,660
762918,17,2009-04-21 07:39:28,8643,2009-04-21 09:51:58,116.4095666,39.9653883,7950.0,661
764366,17,2009-04-21 10:45:25,7791,2009-04-21 12:48:57,116.3417983,40.016065,7412.0,662
821517,17,2009-04-21 12:48:57,7790,2009-04-21 13:23:11,116.3420416,40.0150916,2054.0,663
821556,17,2009-04-21 13:23:11,7791,2009-04-21 23:49:47,116.34185,40.0160516,37596.0,664
577001,17,2009-04-22 00:08:21,7501,2009-04-22 08:08:50,116.3208766,39.9846699,28829.0,665
577077,17,2009-04-22 08:10:34,7501,2009-05-13 09:43:10,116.3184116,39.983265,1819956.0,666
466290,17,2009-05-13 10:06:43,7791,2009-05-13 12:44:37,116.34178,40.0160916,9474.0,667
466416,17,2009-05-13 12:45:59,7791,2009-05-13 23:30:54,116.3431483,40.0160416,38695.0,668
778793,17,2009-05-13 23:55:44,7501,2009-05-14 09:12:39,116.3208083,39.9847733,33415.0,669
667316,17,2009-05-14 10:32:41,7791,2009-05-15 02:09:15,116.3417666,40.0165783,56194.0,670
365786,17,2009-05-15 02:40:16,7934,2009-05-15 04:02:20,116.3562166,40.0218616,4924.0,671
366103,17,2009-05-15 04:07:51,7932,2009-05-15 05:59:35,116.3462683,40.0070166,6704.0,672
366827,17,2009-05-15 06:14:49,8643,2009-05-15 09:45:20,116.403775,39.967455,12631.0,673
368145,17,2009-05-15 11:03:53,7791,2009-05-16 01:02:40,116.3418449,40.0161333,50327.0,674
84091,17,2009-05-16 01:16:25,7501,2009-05-16 03:14:35,116.3208866,39.9847683,7090.0,675
84484,17,2009-05-16 03:19:52,7070,2009-05-16 04:03:44,116.27364,39.97086,2632.0,676
85849,17,2009-05-16 04:55:21,7643,2009-05-16 06:54:16,116.3327,39.9750199,7135.0,677
87049,17,2009-05-16 08:00:57,8212,2009-05-16 10:11:35,116.3711183,39.9441133,7838.0,678
88023,17,2009-05-16 10:57:47,7791,2009-05-17 03:39:16,116.341745,40.0161216,60089.0,679
350308,17,2009-05-17 03:54:58,7792,2009-05-17 05:46:57,116.3328149,40.0295399,6719.0,680
995649,17,2009-05-17 05:55:04,7788,2009-05-17 06:47:03,116.333765,39.9979416,3119.0,681
995912,17,2009-05-17 06:51:44,7932,2009-05-17 07:22:14,116.3467516,39.9980949,1830.0,682
996127,17,2009-05-17 07:26:56,7791,2009-05-17 08:21:01,116.3418366,40.0161166,3245.0,683
996246,17,2009-05-17 08:23:38,7789,2009-05-17 10:04:08,116.3376899,40.0069999,6030.0,684
996263,17,2009-05-17 10:04:08,7791,2009-05-17 10:45:26,116.3430866,40.0170966,2478.0,685
996411,17,2009-05-17 11:14:43,7791,2009-05-17 14:34:29,116.3415716,40.0163999,11986.0,686
996494,17,2009-05-17 14:35:04,7791,2009-05-17 16:07:45,116.339335,40.0160533,5561.0,687
996846,17,2009-05-17 16:24:38,7790,2009-05-17 17:09:55,116.3413049,40.0160099,2717.0,688
996945,17,2009-05-17 17:10:26,7790,2009-05-17 17:45:49,116.3422366,40.0158683,2123.0,689
997061,17,2009-05-17 18:11:05,7790,2009-05-17 18:58:04,116.3432766,40.0124733,2819.0,690
997074,17,2009-05-17 18:58:04,7791,2009-05-17 19:47:46,116.34131,40.0165666,2982.0,691
997519,17,2009-05-17 20:17:59,8089,2009-05-17 21:10:58,116.3607583,40.1241566,3179.0,692
997526,17,2009-05-17 21:10:58,7791,2009-05-19 00:30:53,116.34145,40.0165416,98395.0,693
244805,17,2009-05-19 00:52:18,8643,2009-05-19 01:49:37,116.403775,39.9674399,3439.0,694
245723,17,2009-05-19 02:14:08,7923,2009-05-19 02:49:59,116.3496266,39.9260033,2151.0,695
248172,17,2009-05-19 04:17:20,8643,2009-05-19 06:23:01,116.4155116,39.96809,7541.0,696
249345,17,2009-05-19 07:09:46,8643,2009-05-19 07:42:08,116.4120166,39.9621616,1942.0,697
249931,17,2009-05-19 08:21:48,7923,2009-05-19 08:53:49,116.3477599,39.9254483,1921.0,698
251542,17,2009-05-19 09:32:01,5632,2009-05-19 10:09:16,116.1670616,39.8942549,2235.0,699
253953,17,2009-05-19 11:23:59,7791,2009-05-20 23:15:22,116.3418249,40.0160733,129083.0,700
624670,17,2009-05-21 04:08:04,8643,2009-05-21 05:16:19,116.4038033,39.9674083,4095.0,701
626671,17,2009-05-21 06:32:21,8643,2009-05-21 07:34:18,116.4155066,39.9682333,3717.0,702
627145,17,2009-05-21 07:49:11,8926,2009-05-21 08:33:31,116.4297683,39.93947,2660.0,703
628943,17,2009-05-21 09:30:40,7790,2009-05-21 10:13:42,116.34447,40.0139899,2582.0,704
629036,17,2009-05-21 10:13:42,7791,2009-05-21 23:43:09,116.3418399,40.0160399,48567.0,705
407362,17,2009-05-22 00:03:56,8643,2009-05-22 05:05:57,116.4037683,39.9674166,18121.0,706
408809,17,2009-05-22 05:43:19,8201,2009-05-22 06:21:00,116.368245,39.8492666,2261.0,707
410935,17,2009-05-22 07:58:34,8348,2009-05-22 08:38:22,116.3918566,39.8822066,2388.0,708
417908,17,2009-05-22 12:51:08,388,2009-05-22 13:40:25,115.7177883,40.3165633,2957.0,709
422231,17,2009-05-22 15:08:10,7790,2009-05-23 02:26:31,116.3417466,40.0159516,40701.0,710
231842,17,2009-05-23 03:19:12,8511,2009-05-23 04:27:08,116.4027533,40.0611316,4076.0,711
233432,17,2009-05-23 05:45:50,7791,2009-05-23 07:46:27,116.341745,40.0161066,7237.0,712
234005,17,2009-05-23 07:59:17,8202,2009-05-23 08:51:06,116.3682716,39.8630499,3109.0,713
234640,17,2009-05-23 09:08:11,6637,2009-05-23 09:43:12,116.2469283,39.9261799,2101.0,714
237787,17,2009-05-23 10:51:09,7791,2009-05-23 14:39:08,116.3418183,40.0160816,13679.0,715
237820,17,2009-05-23 14:39:08,7790,2009-05-23 15:57:54,116.3417399,40.0159649,4726.0,716
237822,17,2009-05-23 15:57:54,7791,2009-05-23 17:33:44,116.3416233,40.0161316,5750.0,717
237976,17,2009-05-23 18:00:07,7791,2009-05-23 20:30:28,116.3417666,40.0163299,9021.0,718
237992,17,2009-05-23 20:46:10,7791,2009-05-24 09:13:22,116.3418483,40.0161149,44832.0,719
239014,17,2009-05-24 10:06:21,7923,2009-05-24 10:44:02,116.3490283,39.926065,2261.0,720
239284,17,2009-05-24 10:51:28,7925,2009-05-24 13:03:09,116.3446466,39.9415666,7901.0,721
240106,17,2009-05-24 13:34:43,7933,2009-05-24 14:07:32,116.345725,40.0159983,1969.0,722
240229,17,2009-05-24 14:10:29,7791,2009-05-24 23:24:08,116.3418099,40.0160799,33219.0,723
338887,17,2009-05-25 00:06:53,8643,2009-05-25 02:12:23,116.4038333,39.9674766,7530.0,724
339364,17,2009-05-25 02:22:48,8926,2009-05-25 02:56:28,116.4273883,39.9393849,2020.0,725
340704,17,2009-05-25 03:26:16,7923,2009-05-25 04:17:58,116.3496683,39.9260182,3102.0,726
343627,17,2009-05-25 06:38:44,7788,2009-05-25 07:27:03,116.3345483,39.9891683,2899.0,727
345651,17,2009-05-25 08:28:15,8216,2009-05-25 08:58:53,116.3800099,39.9845133,1838.0,728
345689,17,2009-05-25 09:19:09,7791,2009-05-26 05:13:37,116.3417866,40.0160999,71668.0,729
454297,17,2009-05-26 05:58:15,8500,2009-05-26 07:27:45,116.4036616,39.9676149,5370.0,730
455197,17,2009-05-26 08:23:19,7791,2009-05-28 01:29:15,116.3417416,40.0160699,147956.0,731
180611,17,2009-05-28 02:59:05,9218,2009-05-28 03:53:02,116.4627749,39.9904766,3237.0,732
183873,17,2009-05-28 05:14:26,12168,2009-05-28 06:34:54,116.6994849,39.5192633,4828.0,733
184885,17,2009-05-28 06:51:45,11012,2009-05-28 07:30:34,116.6134383,39.4134249,2329.0,734
186047,17,2009-05-28 08:12:16,11291,2009-05-28 08:52:49,116.6297566,39.350405,2433.0,735
186563,17,2009-05-28 09:01:24,11438,2009-05-28 13:02:09,116.641815,39.3864616,14445.0,736
191431,17,2009-05-28 14:42:31,7790,2009-05-30 05:47:04,116.3418099,40.0159483,140673.0,737
346929,17,2009-05-30 06:14:05,7791,2009-05-30 07:20:50,116.3417866,40.0161166,4005.0,738
347838,17,2009-05-30 07:41:13,8654,2009-05-30 08:47:41,116.4037533,40.0632316,3988.0,739
348840,17,2009-05-30 09:15:12,7790,2009-05-30 09:46:21,116.3418433,40.0159533,1869.0,740
348902,17,2009-05-30 09:46:21,7791,2009-05-30 10:41:09,116.3417966,40.0160383,3288.0,741
350046,17,2009-05-30 11:34:30,7791,2009-05-31 00:19:53,116.341765,40.0160883,45923.0,742
273831,17,2009-05-31 00:46:25,8643,2009-05-31 02:14:06,116.4038616,39.9674866,5261.0,743
276288,17,2009-05-31 03:37:19,8643,2009-05-31 05:19:42,116.4037483,39.9674133,6143.0,744
277124,17,2009-05-31 06:06:38,8643,2009-05-31 07:44:17,116.4115183,39.97106,5859.0,745
277948,17,2009-05-31 08:04:10,7923,2009-05-31 08:45:42,116.3497233,39.9259999,2492.0,746
278710,17,2009-05-31 09:01:37,8643,2009-05-31 10:06:51,116.4037583,39.9675166,3914.0,747
279780,17,2009-05-31 11:02:40,7791,2009-06-01 00:07:45,116.34178,40.0160366,47105.0,748
254749,17,2009-06-01 00:32:15,8643,2009-06-01 02:12:13,116.4038033,39.9675116,5998.0,749
257136,17,2009-06-01 03:14:38,8643,2009-06-01 08:01:06,116.4037999,39.9674483,17188.0,750
257742,17,2009-06-01 08:41:38,8643,2009-06-01 09:14:59,116.4097233,39.9668749,2001.0,751
257966,17,2009-06-01 09:19:52,8787,2009-06-01 10:30:21,116.4164799,39.9711033,4229.0,752
258818,17,2009-06-01 10:59:49,7790,2009-06-01 23:52:04,116.3411399,40.0160316,46335.0,753
192939,17,2009-06-02 00:08:46,7501,2009-06-02 13:11:43,116.3207783,39.9847766,46977.0,754
558845,17,2009-06-02 13:27:16,7791,2009-06-03 23:33:39,116.3420199,40.0160816,122783.0,755
105599,17,2009-06-04 00:17:01,8643,2009-06-04 01:00:38,116.4037966,39.9675749,2617.0,756
108440,17,2009-06-04 04:04:25,8643,2009-06-04 05:34:37,116.4037849,39.9674399,5412.0,757
108744,17,2009-06-04 05:39:54,9214,2009-06-04 06:16:50,116.45365,39.9530999,2216.0,758
112736,17,2009-06-04 08:02:12,7642,2009-06-04 08:54:30,116.3209666,39.9659116,3138.0,759
114737,17,2009-06-04 09:50:03,7501,2009-06-04 11:28:47,116.3208133,39.9848116,5924.0,760
115325,17,2009-06-04 11:42:01,7791,2009-06-04 23:22:10,116.3418016,40.016065,42009.0,761
287780,17,2009-06-05 00:03:39,8643,2009-06-05 04:42:58,116.4038483,39.9674899,16759.0,762
289614,17,2009-06-05 05:53:14,9491,2009-06-05 06:33:52,116.4832983,39.8811116,2438.0,763
290898,17,2009-06-05 07:13:32,8643,2009-06-05 10:36:28,116.4154299,39.9680833,12176.0,764
291712,17,2009-06-05 10:55:59,7501,2009-06-05 15:27:26,116.3208033,39.9847616,16287.0,765
292161,17,2009-06-05 15:37:31,7791,2009-06-05 23:34:59,116.3417916,40.0160933,28648.0,766
292657,17,2009-06-05 23:49:15,7501,2009-06-06 02:30:21,116.3208549,39.9848099,9666.0,767
293255,17,2009-06-06 02:46:07,7791,2009-06-06 04:09:40,116.3417233,40.0161099,5013.0,768
293369,17,2009-06-06 04:10:19,7791,2009-06-06 07:22:14,116.3421716,40.0161849,11515.0,769
293432,17,2009-06-06 07:41:13,7791,2009-06-06 08:58:40,116.3415599,40.0160599,4647.0,770
294463,17,2009-06-06 09:39:30,7791,2009-06-07 02:12:15,116.3417833,40.0160666,59565.0,771
81690,17,2009-06-07 02:55:30,8654,2009-06-07 03:52:28,116.4037016,40.0634133,3418.0,772
83485,17,2009-06-07 05:36:09,7791,2009-06-07 23:46:46,116.3417583,40.0160783,65437.0,773
428409,17,2009-06-08 00:38:32,8643,2009-06-08 01:55:34,116.4037149,39.96753,4622.0,774
429571,17,2009-06-08 02:28:26,9493,2009-06-08 03:02:17,116.4835349,39.899055,2031.0,775
429940,17,2009-06-08 03:20:43,9491,2009-06-08 03:57:59,116.4832616,39.8811149,2236.0,776
431904,17,2009-06-08 05:02:11,7784,2009-06-08 05:37:30,116.3344666,39.9620366,2119.0,777
432658,17,2009-06-08 05:54:37,8643,2009-06-08 07:51:38,116.4037699,39.9674666,7021.0,778
432727,17,2009-06-08 07:51:38,9214,2009-06-08 09:29:29,116.4588566,39.9590983,5871.0,779
434354,17,2009-06-08 10:35:51,7791,2009-06-08 12:02:06,116.3416299,40.0160933,5175.0,780
434879,17,2009-06-08 12:14:13,7501,2009-06-08 13:30:52,116.3209016,39.9848116,4599.0,781
435028,17,2009-06-08 13:32:07,7643,2009-06-08 14:03:35,116.3212366,39.9800266,1888.0,782
435525,17,2009-06-08 14:25:28,7791,2009-06-08 23:30:47,116.3418416,40.0160516,32719.0,783
771677,17,2009-06-09 00:06:46,8643,2009-06-09 01:28:32,116.4037916,39.9674883,4906.0,784
772596,17,2009-06-09 02:05:00,8643,2009-06-09 02:52:30,116.4154516,39.9680499,2850.0,785
773438,17,2009-06-09 03:05:30,7923,2009-06-09 04:17:43,116.3497283,39.926065,4333.0,786
774127,17,2009-06-09 04:39:42,8643,2009-06-09 07:19:33,116.4038199,39.9674483,9591.0,787
775125,17,2009-06-09 07:53:15,8065,2009-06-09 08:52:14,116.3574883,39.9171083,3539.0,788
776563,17,2009-06-09 10:09:23,8216,2009-06-09 11:17:32,116.3798633,39.9809983,4089.0,789
777018,17,2009-06-09 11:48:22,8357,2009-06-09 12:21:13,116.3916499,39.9710549,1971.0,790
777656,17,2009-06-09 12:35:28,7501,2009-06-09 13:58:49,116.3208466,39.9847466,5001.0,791
778263,17,2009-06-09 14:38:12,7791,2009-06-09 23:40:15,116.3417516,40.0160433,32523.0,792
667875,17,2009-06-09 23:50:15,7501,2009-06-10 13:52:02,116.3209,39.9847933,50507.0,793
924954,17,2009-06-10 14:33:54,7791,2009-06-10 23:25:49,116.3417766,40.0161066,31915.0,794
16147,17,2009-06-11 00:07:57,8643,2009-06-11 02:28:18,116.4037383,39.9674133,8421.0,795
16798,17,2009-06-11 02:50:09,8213,2009-06-11 03:39:14,116.3682433,39.95643,2945.0,796
17130,17,2009-06-11 03:42:57,8643,2009-06-11 06:05:38,116.4038199,39.9674166,8561.0,797
17668,17,2009-06-11 06:13:33,7785,2009-06-11 07:02:11,116.3445166,39.96642,2918.0,798
22034,17,2009-06-11 09:47:24,7791,2009-06-11 23:44:48,116.3417933,40.0160666,50244.0,799
1012229,17,2009-06-12 00:17:52,8643,2009-06-12 03:11:40,116.4037833,39.9674433,10428.0,800
1013017,17,2009-06-12 03:27:42,7923,2009-06-12 05:02:02,116.3496783,39.9260849,5660.0,801
1014242,17,2009-06-12 05:24:18,5632,2009-06-12 06:47:20,116.1670333,39.894225,4982.0,802
1016085,17,2009-06-12 07:28:28,8500,2009-06-12 08:04:16,116.3942883,39.9709983,2148.0,803
1016304,17,2009-06-12 08:07:47,8643,2009-06-12 11:55:08,116.4037466,39.9675199,13641.0,804
1017410,17,2009-06-12 12:16:44,7791,2009-06-12 13:05:44,116.3418183,40.0160499,2940.0,805
1018936,17,2009-06-12 14:39:25,7791,2009-06-13 01:05:08,116.341815,40.0160466,37543.0,806
507662,17,2009-06-13 01:41:34,7501,2009-06-13 03:07:41,116.319715,39.984875,5167.0,807
509074,17,2009-06-13 04:38:49,7933,2009-06-13 06:04:38,116.3446716,40.0138966,5149.0,808
509178,17,2009-06-13 06:07:18,7791,2009-06-13 07:18:28,116.3417149,40.0160833,4270.0,809
510591,17,2009-06-13 07:56:39,8511,2009-06-13 09:37:09,116.4036799,40.0633399,6030.0,810
512579,17,2009-06-13 10:51:12,7791,2009-06-13 14:44:47,116.3417666,40.0161066,14015.0,811
422342,17,2009-06-13 14:47:29,7644,2009-06-13 15:18:42,116.3214816,39.9801049,1873.0,812
423875,17,2009-06-13 15:51:28,7791,2009-06-13 23:17:05,116.3417483,40.0161249,26737.0,813
64248,17,2009-06-13 23:26:21,7501,2009-06-13 23:58:40,116.3208883,39.98479,1939.0,814
64791,17,2009-06-14 00:12:16,7791,2009-06-14 05:15:40,116.34176,40.0160833,18204.0,815
64825,17,2009-06-14 05:16:28,7791,2009-06-14 08:11:47,116.3416716,40.0161199,10519.0,816
74261,17,2009-06-14 12:10:32,7791,2009-06-14 23:33:32,116.3417916,40.0160849,40980.0,817
491788,17,2009-06-15 00:13:25,8643,2009-06-15 02:38:57,116.4038766,39.9675533,8732.0,818
494719,17,2009-06-15 04:03:07,8643,2009-06-15 05:08:18,116.403795,39.9674666,3911.0,819
496263,17,2009-06-15 06:13:48,9074,2009-06-15 08:28:15,116.4484933,39.9801349,8067.0,820
497175,17,2009-06-15 08:45:50,7791,2009-06-15 23:39:07,116.3417733,40.0160866,53597.0,821
202298,17,2009-06-16 00:23:09,8643,2009-06-16 01:35:32,116.40379,39.9674966,4343.0,822
203099,17,2009-06-16 01:54:46,7923,2009-06-16 02:27:35,116.3495949,39.9260433,1969.0,823
203934,17,2009-06-16 02:46:02,8643,2009-06-16 06:01:30,116.4038116,39.967665,11728.0,824
204803,17,2009-06-16 06:19:42,7924,2009-06-16 07:13:22,116.34885,39.9343716,3220.0,825
205456,17,2009-06-16 07:24:08,8643,2009-06-16 09:41:02,116.4037566,39.9674166,8214.0,826
206382,17,2009-06-16 10:09:13,7791,2009-06-16 12:18:30,116.3417466,40.0160683,7757.0,827
207654,17,2009-06-16 13:03:41,7791,2009-06-16 18:54:56,116.3417699,40.0161183,21075.0,828
208228,17,2009-06-16 20:20:42,7791,2009-06-16 20:51:06,116.3417033,40.0160716,1824.0,829
208267,17,2009-06-16 20:59:29,7790,2009-06-17 13:12:57,116.3416533,40.0160216,58408.0,830
78999,17,2009-06-17 13:28:00,7643,2009-06-17 13:58:07,116.32123,39.9800283,1807.0,831
79531,17,2009-06-17 14:12:30,7791,2009-06-17 23:51:34,116.34183,40.0160983,34744.0,832
196524,17,2009-06-18 00:33:09,8643,2009-06-18 02:03:28,116.4037583,39.9675266,5419.0,833
198861,17,2009-06-18 03:10:25,8643,2009-06-18 06:24:17,116.4154966,39.9680433,11632.0,834
199419,17,2009-06-18 06:53:40,8787,2009-06-18 07:37:47,116.4197799,39.9711049,2647.0,835
199603,17,2009-06-18 08:07:40,8927,2009-06-18 09:44:22,116.4309849,39.9529533,5802.0,836
200368,17,2009-06-18 10:13:15,7501,2009-06-18 12:01:17,116.3208216,39.9847516,6482.0,837
201004,17,2009-06-18 12:14:48,7791,2009-06-18 23:55:46,116.3417866,40.0160666,42058.0,838
265328,17,2009-06-19 00:30:21,8643,2009-06-19 02:14:04,116.40374,39.9674816,6223.0,839
266949,17,2009-06-19 03:24:52,8643,2009-06-19 05:37:20,116.4038049,39.9674366,7948.0,840
269153,17,2009-06-19 07:39:24,8643,2009-06-19 11:36:22,116.4037966,39.9674866,14218.0,841
269204,17,2009-06-19 11:36:22,7791,2009-06-19 13:01:27,116.339875,40.0179333,5105.0,842
269726,17,2009-06-19 13:19:01,7501,2009-06-19 13:49:33,116.3208583,39.9847483,1832.0,843
270099,17,2009-06-19 14:03:07,7791,2009-06-19 23:50:49,116.3417916,40.0161033,35262.0,844
1005250,17,2009-06-20 00:05:18,7501,2009-06-20 02:18:38,116.3208666,39.9848366,8000.0,845
1006618,17,2009-06-20 02:50:06,8511,2009-06-20 03:50:10,116.4027766,40.0610933,3604.0,846
1008151,17,2009-06-20 04:54:55,7791,2009-06-20 13:06:24,116.341745,40.0160633,29489.0,847
1009514,17,2009-06-20 13:43:48,7081,2009-06-20 15:29:14,116.2853449,40.06752,6326.0,848
1010495,17,2009-06-20 15:53:34,7790,2009-06-21 01:33:05,116.3445366,40.0139633,34771.0,849
1011009,17,2009-06-21 01:43:48,7501,2009-06-21 09:50:47,116.3208133,39.9848466,29219.0,850
658418,17,2009-06-21 10:26:41,7790,2009-06-21 10:58:05,116.3425333,40.0155633,1884.0,851
658421,17,2009-06-21 10:58:05,7791,2009-06-21 14:13:49,116.3427133,40.0161633,11744.0,852
659381,17,2009-06-21 14:41:02,7791,2009-06-21 15:52:25,116.3417933,40.0160583,4283.0,853
659391,17,2009-06-21 16:07:24,7791,2009-06-21 20:05:48,116.3418383,40.0163666,14304.0,854
659401,17,2009-06-21 20:05:48,7790,2009-06-21 23:37:28,116.3416766,40.0160183,12700.0,855
660902,17,2009-06-22 00:52:34,8643,2009-06-22 05:24:16,116.403775,39.9674416,16302.0,856
663621,17,2009-06-22 07:08:15,7791,2009-06-22 13:51:16,116.3417549,40.0161266,24181.0,857
664746,17,2009-06-22 14:57:07,7791,2009-06-23 00:02:15,116.3417849,40.0160783,32708.0,858
643020,17,2009-06-23 00:45:54,8643,2009-06-23 01:41:17,116.4036999,39.9674749,3323.0,859
643964,17,2009-06-23 02:14:40,8643,2009-06-23 06:43:46,116.4120066,39.9621216,16146.0,860
645604,17,2009-06-23 07:45:02,7791,2009-06-23 14:17:10,116.3417516,40.0161049,23528.0,861
641384,17,2009-06-23 15:09:56,7791,2009-06-24 12:18:34,116.3417366,40.0160899,76118.0,862
631910,17,2009-06-24 13:00:20,7791,2009-06-25 01:59:07,116.3417916,40.0160433,46727.0,863
280208,17,2009-06-25 02:11:07,8643,2009-06-25 02:41:12,116.4120249,39.96216,1805.0,864
280903,17,2009-06-25 03:14:33,8065,2009-06-25 03:59:22,116.3583666,39.9171016,2689.0,865
281513,17,2009-06-25 04:22:59,7926,2009-06-25 05:44:12,116.3503133,39.9441116,4873.0,866
284069,17,2009-06-25 07:48:06,8064,2009-06-25 09:04:27,116.3677833,39.9079783,4581.0,867
285575,17,2009-06-25 10:31:25,8790,2009-06-25 11:23:57,116.4186133,39.99809,3152.0,868
286966,17,2009-06-25 12:37:20,7790,2009-06-25 23:27:29,116.3417833,40.0160266,39009.0,869
478022,17,2009-06-26 00:33:33,8643,2009-06-26 05:48:06,116.4037699,39.9674499,18873.0,870
478647,17,2009-06-26 05:58:44,7923,2009-06-26 07:48:44,116.353755,39.9172233,6600.0,871
480557,17,2009-06-26 08:57:16,8070,2009-06-26 10:04:51,116.3564033,39.95658,4055.0,872
481251,17,2009-06-26 10:29:53,7791,2009-06-26 11:44:06,116.340175,40.0160399,4453.0,873
481640,17,2009-06-26 12:11:42,7791,2009-06-26 12:55:30,116.3417616,40.0160899,2628.0,874
482165,17,2009-06-26 13:10:09,7501,2009-06-26 13:44:27,116.3208183,39.9847883,2058.0,875
482881,17,2009-06-26 14:27:02,7791,2009-06-27 01:25:37,116.3417716,40.0161316,39515.0,876
974969,17,2009-06-27 02:17:30,6208,2009-06-27 03:02:43,116.2057599,39.9350949,2713.0,877
975503,17,2009-06-27 03:22:51,5493,2009-06-27 03:56:10,116.1543949,39.9261533,1999.0,878
976189,17,2009-06-27 04:20:22,6063,2009-06-27 05:35:38,116.1927716,39.908125,4516.0,879
976332,17,2009-06-27 06:15:04,6063,2009-06-27 10:09:53,116.1965433,39.9081183,14089.0,880
977825,17,2009-06-27 10:40:31,7791,2009-06-27 12:01:52,116.3417549,40.0161216,4881.0,881
978052,17,2009-06-27 12:49:48,7790,2009-06-27 13:30:24,116.3393599,40.0156466,2436.0,882
979809,17,2009-06-27 14:30:52,7790,2009-06-27 15:06:40,116.3444783,40.0139266,2148.0,883
979892,17,2009-06-27 15:06:40,7791,2009-06-28 02:00:32,116.3418199,40.0160766,39232.0,884
915344,17,2009-06-28 02:46:53,8511,2009-06-28 03:53:06,116.402745,40.061095,3973.0,885
916955,17,2009-06-28 04:48:44,7791,2009-06-28 05:20:03,116.3417683,40.0161183,1879.0,886
916973,17,2009-06-28 05:20:17,7791,2009-06-28 13:42:18,116.3418166,40.0164049,30121.0,887
918204,17,2009-06-28 14:33:52,7791,2009-06-28 15:36:11,116.3417583,40.0160449,3739.0,888
918296,17,2009-06-28 15:37:29,7791,2009-06-28 23:49:39,116.3423099,40.0161383,29530.0,889
919776,17,2009-06-29 00:48:29,8643,2009-06-29 12:09:17,116.4037066,39.9674683,40848.0,890
920309,17,2009-06-29 12:09:20,8643,2009-06-29 13:52:57,116.4095749,39.9668233,6217.0,891
921638,17,2009-06-29 14:45:06,7790,2009-06-29 15:16:44,116.3445116,40.0139049,1898.0,892
921718,17,2009-06-29 15:16:44,7791,2009-06-30 00:13:08,116.3417816,40.0161266,32184.0,893
864425,17,2009-06-30 02:02:21,5632,2009-06-30 03:14:12,116.1671266,39.8942116,4311.0,894
866378,17,2009-06-30 03:51:54,8643,2009-06-30 04:30:19,116.4036983,39.9674216,2305.0,895
866988,17,2009-06-30 04:42:39,8930,2009-06-30 05:37:27,116.42743,39.9740833,3288.0,896
870121,17,2009-06-30 07:41:38,8643,2009-06-30 08:15:11,116.40381,39.9674716,2013.0,897
871172,17,2009-06-30 08:47:15,7791,2009-06-30 09:34:57,116.3417716,40.0160449,2862.0,898
872034,17,2009-06-30 10:15:00,7791,2009-06-30 15:59:35,116.341765,40.0160549,20675.0,899
872452,17,2009-06-30 16:10:55,7501,2009-06-30 16:50:20,116.3208633,39.9847733,2365.0,900
872911,17,2009-06-30 17:05:31,7791,2009-07-02 00:06:09,116.3424199,40.0189799,111638.0,901
13519,17,2009-07-02 00:53:21,8643,2009-07-02 09:49:32,116.4037366,39.9674349,32171.0,902
225970,17,2009-07-02 09:56:57,7501,2009-07-02 10:36:11,116.3208166,39.984795,2354.0,903
226586,17,2009-07-02 10:52:41,7791,2009-07-03 00:01:11,116.3417683,40.0160516,47310.0,904
375004,17,2009-07-03 00:50:14,8643,2009-07-03 01:58:38,116.4038566,39.967485,4104.0,905
380117,17,2009-07-03 04:41:45,8643,2009-07-03 05:14:19,116.4038199,39.9675416,1954.0,906
381781,17,2009-07-03 06:07:40,7651,2009-07-03 06:50:41,116.3237483,40.0519616,2581.0,907
384809,17,2009-07-03 08:43:56,7791,2009-07-03 13:39:54,116.3417749,40.0160499,17758.0,908
385847,17,2009-07-03 14:17:10,7791,2009-07-04 06:35:55,116.341745,40.0160783,58725.0,909
652737,17,2009-07-04 07:19:20,8511,2009-07-04 08:41:40,116.4027316,40.0610583,4940.0,910
653903,17,2009-07-04 09:10:44,7501,2009-07-04 12:08:32,116.3208766,39.9847699,10668.0,911
